timestamp,x,y,theta
0.033,0.0000,0.0000,0.0000
0.053,0.0000,0.0000,0.0000
0.073,0.0000,0.0000,0.0000
0.093,0.0000,0.0000,0.0000
0.113,0.0000,0.0000,0.0000
0.132,0.0000,0.0000,0.0000
0.153,0.0000,0.0000,0.0000
0.173,0.0000,0.0000,0.0000
0.193,0.0000,0.0000,0.0000
0.213,0.0000,0.0000,0.0000
0.233,0.0000,0.0000,0.0000
0.253,0.0000,0.0000,0.0000
0.273,0.0000,0.0000,0.0000
0.293,0.0000,0.0000,0.0000
0.313,0.0000,0.0000,0.0000
0.333,0.0000,0.0000,0.0000
0.353,0.0000,0.0000,0.0000
0.373,0.0000,0.0000,0.0000
0.393,0.0000,0.0000,0.0000
0.413,0.0000,0.0000,0.0000
0.433,0.0000,0.0000,0.0000
0.453,0.0000,0.0000,0.0000
0.473,0.0000,0.0000,0.0000
0.493,0.0000,0.0000,0.0000
0.513,0.0000,0.0000,0.0000
0.533,0.0000,0.0000,0.0000
0.553,0.0000,0.0000,0.0000
0.573,0.0000,0.0000,0.0000
0.593,0.0000,0.0000,0.0000
0.613,0.0000,0.0000,0.0000
0.633,0.0000,0.0000,0.0000
0.653,0.0000,0.0000,0.0000
0.673,0.0000,0.0000,0.0000
0.693,0.0000,0.0000,0.0000
0.713,0.0000,0.0000,0.0000
0.733,0.0000,0.0000,0.0000
0.753,0.0000,0.0000,0.0000
0.773,0.0000,0.0000,0.0000
0.793,0.0000,0.0000,0.0000
0.813,0.0000,0.0000,0.0000
0.833,0.0000,0.0000,0.0000
0.853,0.0000,0.0000,0.0000
0.873,0.0000,0.0000,0.0000
0.893,0.0000,0.0000,0.0000
0.913,0.0000,0.0000,0.0000
0.933,0.0000,0.0000,0.0000
0.953,0.0000,0.0000,0.0000
0.973,0.0000,0.0000,0.0000
0.993,0.0000,0.0000,0.0000
1.013,0.0000,0.0000,0.0000
1.033,0.0000,0.0000,0.0000
1.053,0.0000,0.0000,0.0000
1.073,0.0000,0.0000,0.0000
1.093,0.0000,0.0000,0.0000
1.113,0.0000,0.0000,0.0000
1.133,0.0000,0.0000,0.0000
1.153,0.0000,0.0000,0.0000
1.173,0.0000,0.0000,0.0000
1.193,0.0000,0.0000,0.0000
1.213,0.0000,0.0000,0.0000
1.233,0.0000,0.0000,0.0000
1.253,0.0000,0.0000,0.0000
1.273,0.0000,0.0000,0.0000
1.293,0.0000,0.0000,0.0000
1.313,0.0000,0.0000,0.0000
1.333,0.0000,0.0000,0.0000
1.353,0.0000,0.0000,0.0000
1.373,0.0000,0.0000,0.0000
1.393,0.0000,0.0000,0.0000
1.413,0.0000,0.0000,0.0000
1.433,0.0000,0.0000,0.0000
1.453,0.0000,0.0000,0.0000
1.473,0.0000,0.0000,0.0000
1.493,0.0000,0.0000,0.0000
1.513,0.0000,0.0000,0.0000
1.533,0.0000,0.0000,0.0000
1.553,0.0000,0.0000,0.0000
1.573,0.0000,0.0000,0.0000
1.593,0.0000,0.0000,0.0000
1.613,0.0000,0.0000,0.0000
1.633,0.0000,0.0000,0.0000
1.653,0.0000,0.0000,0.0000
1.673,0.0000,0.0000,0.0000
1.693,0.0000,0.0000,0.0000
1.713,0.0000,0.0000,0.0000
1.733,0.0000,0.0000,0.0000
1.752,0.0000,0.0000,0.0000
1.773,0.0000,0.0000,0.0000
1.793,0.0000,0.0000,0.0000
1.813,0.0000,0.0000,0.0000
1.832,0.0000,0.0000,0.0000
1.853,0.0000,0.0000,0.0000
1.873,0.0000,0.0000,0.0000
1.893,0.0000,0.0000,0.0000
1.913,0.0000,0.0000,0.0000
1.933,0.0000,0.0000,0.0000
1.953,0.0000,0.0000,0.0000
1.973,0.0000,0.0000,0.0000
1.993,0.0000,0.0000,0.0000
2.013,0.0000,0.0000,0.0000
2.033,0.0000,0.0000,0.0000
2.053,0.0000,0.0000,0.0000
2.073,0.0000,0.0000,0.0000
2.092,0.0000,0.0000,0.0000
2.113,0.0000,0.0000,0.0000
2.133,0.0000,0.0000,0.0000
2.153,0.0000,0.0000,0.0000
2.173,0.0000,0.0000,0.0000
2.193,0.0000,0.0000,0.0000
2.213,0.0000,0.0000,0.0000
2.233,0.0000,0.0000,0.0000
2.253,0.0000,0.0000,0.0000
2.272,0.0000,0.0000,0.0000
2.293,0.0000,0.0000,0.0000
2.313,0.0000,0.0000,0.0000
2.333,0.0000,0.0000,0.0000
2.353,0.0000,0.0000,0.0000
2.373,0.0000,0.0000,0.0000
2.393,0.0000,0.0000,0.0000
2.412,0.0000,0.0000,0.0000
2.433,0.0000,0.0000,0.0000
2.453,0.0000,0.0000,0.0000
2.473,0.0000,0.0000,0.0000
2.493,0.0000,0.0000,0.0000
2.513,0.0000,0.0000,0.0000
2.533,0.0000,0.0000,0.0000
2.553,0.0000,0.0000,0.0000
2.573,0.0000,0.0000,0.0000
2.593,0.0000,0.0000,0.0000
2.612,0.0000,0.0000,0.0000
2.633,0.0000,0.0000,0.0000
2.653,0.0000,0.0000,0.0000
2.673,0.0000,0.0000,0.0000
2.693,0.0000,0.0000,0.0000
2.713,0.0000,0.0000,0.0000
2.733,0.0000,0.0000,0.0000
2.753,0.0000,0.0000,0.0000
2.773,0.0000,0.0000,0.0000
2.793,0.0000,0.0000,0.0000
2.813,0.0000,0.0000,0.0000
2.833,0.0000,0.0000,0.0000
2.853,0.0000,0.0000,0.0000
2.873,0.0000,0.0000,0.0000
2.893,0.0000,0.0000,0.0000
2.913,0.0000,0.0000,0.0000
2.933,0.0000,0.0000,0.0000
2.953,0.0000,0.0000,0.0000
2.973,0.0000,0.0000,0.0000
2.992,0.0000,0.0000,0.0000
3.013,0.0000,0.0000,0.0000
3.033,0.0000,0.0000,0.0000
3.053,0.0000,0.0000,0.0000
3.073,0.0000,0.0000,0.0000
3.093,0.0000,0.0000,0.0000
3.113,0.0000,0.0000,0.0000
3.133,0.0000,0.0000,0.0000
3.153,0.0000,0.0000,0.0000
3.173,0.0000,0.0000,0.0000
3.192,0.0000,0.0000,0.0000
3.213,0.0000,0.0000,0.0000
3.233,0.0000,0.0000,0.0000
3.252,0.0000,0.0000,0.0000
3.273,0.0000,0.0000,0.0000
3.293,0.0000,0.0000,0.0000
3.313,0.0000,0.0000,0.0000
3.333,0.0000,0.0000,0.0000
3.353,0.0000,0.0000,0.0000
3.373,0.0000,0.0000,0.0000
3.393,0.0000,0.0000,0.0000
3.413,0.0000,0.0000,0.0000
3.433,0.0000,0.0000,0.0000
3.453,0.0000,0.0000,0.0000
3.473,0.0000,0.0000,0.0000
3.493,0.0000,0.0000,0.0000
3.513,0.0000,0.0000,0.0000
3.533,0.0000,0.0000,0.0000
3.553,0.0000,0.0000,0.0000
3.573,0.0000,0.0000,0.0000
3.593,0.0000,0.0000,0.0000
3.613,0.0000,0.0000,0.0000
3.633,0.0000,0.0000,0.0000
3.653,0.0000,0.0000,0.0000
3.673,0.0000,0.0000,0.0000
3.693,0.0000,0.0000,0.0000
3.712,0.0000,0.0000,0.0000
3.733,0.0000,0.0000,0.0000
3.753,0.0000,0.0000,0.0000
3.773,0.0000,0.0000,0.0000
3.793,0.0000,0.0000,0.0000
3.813,0.0000,0.0000,0.0000
3.833,0.0000,0.0000,0.0000
3.853,0.0000,0.0000,0.0000
3.873,0.0000,0.0000,0.0000
3.893,0.0000,0.0000,0.0000
3.913,0.0000,0.0000,0.0000
3.933,0.0000,0.0000,0.0000
3.953,0.0000,0.0000,0.0000
3.972,0.0000,0.0000,0.0000
3.993,0.0000,0.0000,0.0000
4.013,0.0000,0.0000,0.0000
4.032,0.0000,0.0000,0.0000
4.053,0.0000,0.0000,0.0000
4.073,0.0000,0.0000,0.0000
4.093,0.0000,0.0000,0.0000
4.113,0.0000,0.0000,0.0000
4.133,0.0000,0.0000,0.0000
4.153,0.0000,0.0000,0.0000
4.172,0.0000,0.0000,0.0000
4.193,0.0000,0.0000,0.0000
4.213,0.0000,0.0000,0.0000
4.232,0.0000,0.0000,0.0000
4.253,0.0000,0.0000,0.0000
4.273,0.0000,0.0000,0.0000
4.293,0.0000,0.0000,0.0000
4.313,0.0000,0.0000,0.0000
4.333,0.0000,0.0000,0.0000
4.352,0.0000,0.0000,0.0000
4.373,0.0000,0.0000,0.0000
4.393,0.0000,0.0000,0.0000
4.413,0.0000,0.0000,0.0000
4.432,0.0000,0.0000,0.0000
4.453,0.0000,0.0000,0.0000
4.473,0.0000,0.0000,0.0000
4.492,0.0000,0.0000,0.0000
4.513,0.0000,0.0000,0.0000
4.533,0.0000,0.0000,0.0000
4.553,0.0000,0.0000,0.0000
4.573,0.0000,0.0000,0.0000
4.593,0.0000,0.0000,0.0000
4.613,0.0000,0.0000,0.0000
4.633,0.0000,0.0000,0.0000
4.653,0.0000,0.0000,0.0000
4.673,0.0000,0.0000,0.0000
4.692,0.0000,0.0000,0.0000
4.713,0.0000,0.0000,0.0000
4.733,0.0000,0.0000,0.0000
4.753,0.0000,0.0000,0.0000
4.773,0.0000,0.0000,0.0000
4.793,0.0000,0.0000,0.0000
4.813,0.0000,0.0000,0.0000
4.833,0.0000,0.0000,0.0000
4.853,0.0000,0.0000,0.0000
4.873,0.0000,0.0000,0.0000
4.893,0.0000,0.0000,0.0000
4.913,0.0000,0.0000,0.0000
4.933,0.0000,0.0000,0.0000
4.953,0.0000,0.0000,0.0000
4.973,0.0000,0.0000,0.0000
4.993,0.0000,0.0000,0.0000
5.013,0.0000,0.0000,0.0000
5.033,0.0000,0.0000,0.0000
5.053,0.0000,0.0000,0.0000
5.073,0.0000,0.0000,0.0000
5.093,0.0000,0.0000,0.0000
5.113,0.0000,0.0000,0.0000
5.132,0.0000,0.0000,0.0000
5.153,0.0000,0.0000,0.0000
5.173,0.0000,0.0000,0.0000
5.193,0.0000,0.0000,0.0000
5.213,0.0000,0.0000,0.0000
5.233,0.0000,0.0000,0.0000
5.253,0.0000,0.0000,0.0000
5.273,0.0000,0.0000,0.0000
5.293,0.0000,0.0000,0.0000
5.313,0.0000,0.0000,0.0000
5.333,0.0000,0.0000,0.0000
5.353,0.0000,0.0000,0.0000
5.374,0.0000,0.0000,0.0000
5.392,0.0000,0.0000,0.0000
5.412,0.0000,0.0000,0.0000
5.433,0.0000,0.0000,0.0000
5.453,0.0000,0.0000,0.0000
5.472,0.0000,0.0000,0.0000
5.492,0.0000,0.0000,0.0000
5.512,0.0000,0.0000,0.0000
5.532,0.0000,0.0000,0.0000
5.552,0.0000,0.0000,0.0000
5.573,0.0000,0.0000,0.0000
5.592,0.0000,0.0000,0.0000
5.613,0.0000,0.0000,0.0000
5.632,0.0000,0.0000,0.0000
5.654,0.0000,0.0000,0.0000
5.672,0.0000,0.0000,0.0000
5.693,0.0000,0.0000,0.0000
5.713,0.0000,0.0000,0.0000
5.732,0.0000,0.0000,0.0000
5.752,0.0000,0.0000,0.0000
5.773,0.0000,0.0000,0.0000
5.793,0.0000,0.0000,0.0000
5.813,0.0000,0.0000,0.0000
5.832,0.0000,0.0000,0.0000
5.853,0.0000,0.0000,0.0000
5.873,0.0000,0.0000,0.0000
5.893,0.0000,0.0000,0.0000
5.912,0.0000,0.0000,0.0000
5.933,0.0000,0.0000,0.0000
5.953,0.0000,0.0000,0.0000
5.973,0.0000,0.0000,0.0000
5.993,0.0000,0.0000,0.0000
6.013,0.0000,0.0000,0.0000
6.033,0.0000,0.0000,0.0000
6.053,0.0000,0.0000,0.0000
6.073,0.0000,0.0000,0.0000
6.092,0.0000,0.0000,0.0000
6.113,0.0000,0.0000,0.0000
6.133,0.0000,0.0000,0.0000
6.152,0.0000,0.0000,0.0000
6.173,0.0000,0.0000,0.0000
6.193,0.0000,0.0000,0.0000
6.212,0.0000,0.0000,0.0000
6.233,0.0000,0.0000,0.0000
6.253,0.0000,0.0000,0.0000
6.272,0.0000,0.0000,0.0000
6.293,0.0000,0.0000,0.0000
6.313,0.0000,0.0000,0.0000
6.333,0.0000,0.0000,0.0000
6.352,0.0000,0.0000,0.0000
6.373,0.0000,0.0000,0.0000
6.393,0.0000,0.0000,0.0000
6.412,0.0000,0.0000,0.0000
6.433,0.0000,0.0000,0.0000
6.453,0.0000,0.0000,0.0000
6.473,0.0000,0.0000,0.0000
6.493,0.0000,0.0000,0.0000
6.513,0.0000,0.0000,0.0000
6.533,0.0000,0.0000,0.0000
6.552,0.0000,0.0000,0.0000
6.573,0.0000,0.0000,0.0000
6.593,0.0000,0.0000,0.0000
6.612,0.0000,0.0000,0.0000
6.633,0.0000,0.0000,0.0000
6.653,0.0000,0.0000,0.0000
6.672,0.0000,0.0000,0.0000
6.692,0.0000,0.0000,0.0000
6.713,0.0000,0.0000,0.0000
6.732,0.0000,0.0000,0.0000
6.753,0.0000,0.0000,0.0000
6.773,0.0000,0.0000,0.0000
6.793,0.0000,0.0000,0.0000
6.812,0.0000,0.0000,0.0000
6.833,0.0000,0.0000,0.0000
6.852,0.0000,0.0000,0.0000
6.872,0.0000,0.0000,0.0000
6.893,0.0000,0.0000,0.0000
6.913,0.0000,0.0000,0.0000
6.933,0.0000,0.0000,0.0000
6.953,0.0000,0.0000,0.0000
6.973,0.0000,0.0000,0.0000
6.992,0.0000,0.0000,0.0000
7.013,0.0000,0.0000,0.0000
7.033,0.0000,0.0000,0.0000
7.052,0.0000,0.0000,0.0000
7.073,0.0000,0.0000,0.0000
7.093,0.0000,0.0000,0.0000
7.113,0.0000,0.0000,0.0000
7.133,0.0000,0.0000,0.0000
7.153,0.0000,0.0000,0.0000
7.173,0.0000,0.0000,0.0000
7.192,0.0000,0.0000,0.0000
7.213,0.0000,0.0000,0.0000
7.233,0.0000,0.0000,0.0000
7.253,0.0000,0.0000,0.0000
7.272,0.0000,0.0000,0.0000
7.293,0.0000,0.0000,0.0000
7.312,0.0000,0.0000,0.0000
7.333,0.0000,0.0000,0.0000
7.353,0.0000,0.0000,0.0000
7.373,0.0000,0.0000,0.0000
7.392,0.0000,0.0000,0.0000
7.413,0.0000,0.0000,0.0000
7.433,0.0000,0.0000,0.0000
7.452,0.0000,0.0000,0.0000
7.473,0.0000,0.0000,0.0000
7.492,0.0000,0.0000,0.0000
7.512,0.0000,0.0000,0.0000
7.533,0.0000,0.0000,0.0000
7.553,0.0000,0.0000,0.0000
7.573,0.0000,0.0000,0.0000
7.593,0.0000,0.0000,0.0000
7.613,0.0000,0.0000,0.0000
7.633,0.0000,0.0000,0.0000
7.652,0.0000,0.0000,0.0000
7.673,0.0000,0.0000,0.0000
7.693,0.0000,0.0000,0.0000
7.712,0.0000,0.0000,0.0000
7.733,0.0000,0.0000,0.0000
7.753,0.0000,0.0000,0.0000
7.772,0.0000,0.0000,0.0000
7.792,0.0000,0.0000,0.0000
7.813,0.0000,0.0000,0.0000
7.832,0.0000,0.0000,0.0000
7.853,0.0000,0.0000,0.0000
7.873,0.0000,0.0000,0.0000
7.893,0.0000,0.0000,0.0000
7.912,0.0000,0.0000,0.0000
7.933,0.0000,0.0000,0.0000
7.953,0.0000,0.0000,0.0000
7.972,0.0000,0.0000,0.0000
7.993,0.0000,0.0000,0.0000
8.013,0.0000,0.0000,0.0000
8.032,0.0000,0.0000,0.0000
8.053,0.0000,0.0000,0.0000
8.072,0.0000,0.0000,0.0000
8.092,0.0000,0.0000,0.0000
8.113,0.0000,0.0000,0.0000
8.132,0.0000,0.0000,0.0000
8.153,0.0000,0.0000,0.0000
8.172,0.0000,0.0000,0.0000
8.193,0.0000,0.0000,0.0000
8.213,0.0000,0.0000,0.0000
8.232,0.0000,0.0000,0.0000
8.252,0.0000,0.0000,0.0000
8.272,0.0000,0.0000,0.0000
8.292,0.0000,0.0000,0.0000
8.313,0.0000,0.0000,0.0000
8.333,0.0000,0.0000,0.0000
8.353,0.0000,0.0000,0.0000
8.373,0.0000,0.0000,0.0000
8.392,0.0000,0.0000,0.0000
8.412,0.0000,0.0000,0.0000
8.433,0.0000,0.0000,0.0000
8.452,0.0000,0.0000,0.0000
8.473,0.0000,0.0000,0.0000
8.492,0.0000,0.0000,0.0000
8.513,0.0000,0.0000,0.0000
8.533,0.0000,0.0000,0.0000
8.552,0.0000,0.0000,0.0000
8.573,0.0000,0.0000,0.0000
8.593,0.0000,0.0000,0.0000
8.613,0.0000,0.0000,0.0000
8.632,0.0000,0.0000,0.0000
8.653,0.0000,0.0000,0.0000
8.673,0.0000,0.0000,0.0000
8.692,0.0000,0.0000,0.0000
8.712,0.0000,0.0000,0.0000
8.733,0.0000,0.0000,0.0000
8.752,0.0000,0.0000,0.0000
8.773,0.0000,0.0000,0.0000
8.793,0.0000,0.0000,0.0000
8.812,0.0000,0.0000,0.0000
8.833,0.0000,0.0000,0.0000
8.853,0.0000,0.0000,0.0000
8.873,0.0000,0.0000,0.0000
8.892,0.0000,0.0000,0.0000
8.912,0.0000,0.0000,0.0000
8.933,0.0000,0.0000,0.0000
8.952,0.0000,0.0000,0.0000
8.973,0.0000,0.0000,0.0000
8.993,0.0000,0.0000,0.0000
9.012,0.0000,0.0000,0.0000
9.033,0.0000,0.0000,0.0000
9.053,0.0000,0.0000,0.0000
9.072,0.0000,0.0000,0.0000
9.093,0.0000,0.0000,0.0000
9.113,0.0000,0.0000,0.0000
9.133,0.0000,0.0000,0.0000
9.153,0.0000,0.0000,0.0000
9.172,0.0000,0.0000,0.0000
9.193,0.0000,0.0000,0.0000
9.212,0.0000,0.0000,0.0000
9.232,0.0000,0.0000,0.0000
9.253,0.0000,0.0000,0.0000
9.272,0.0000,0.0000,0.0000
9.293,0.0000,0.0000,0.0000
9.313,0.0000,0.0000,0.0000
9.332,0.0000,0.0000,0.0000
9.352,0.0000,0.0000,0.0000
9.373,0.0000,0.0000,0.0000
9.392,0.0000,0.0000,0.0000
9.413,0.0000,0.0000,0.0000
9.433,0.0000,0.0000,0.0000
9.452,0.0000,0.0000,0.0000
9.473,0.0000,0.0000,0.0000
9.493,0.0000,0.0000,0.0000
9.513,0.0000,0.0000,0.0000
9.532,0.0000,0.0000,0.0000
9.553,0.0000,0.0000,0.0000
9.573,0.0000,0.0000,0.0000
9.592,0.0000,0.0000,0.0000
9.613,0.0000,0.0000,0.0000
9.633,0.0000,0.0000,0.0000
9.652,0.0000,0.0000,0.0000
9.673,0.0000,0.0000,0.0000
9.693,0.0000,0.0000,0.0000
9.713,0.0000,0.0000,0.0000
9.732,0.0000,0.0000,0.0000
9.752,0.0000,0.0000,0.0000
9.772,0.0000,0.0000,0.0000
9.793,0.0000,0.0000,0.0000
9.812,0.0000,0.0000,0.0000
9.833,0.0000,0.0000,0.0000
9.852,0.0000,0.0000,0.0000
9.873,0.0000,0.0000,0.0000
9.893,0.0000,0.0000,0.0000
9.912,0.0000,0.0000,0.0000
9.933,0.0000,0.0000,0.0000
9.952,0.0000,0.0000,0.0000
9.972,0.0000,0.0000,0.0000
9.993,0.0000,0.0000,0.0000
10.012,0.0000,0.0000,0.0000
10.033,0.0000,0.0000,0.0000
10.052,0.0000,0.0000,0.0000
10.073,0.0000,0.0000,0.0000
10.093,0.0000,0.0000,0.0000
10.112,0.0000,0.0000,0.0000
10.133,0.0000,0.0000,0.0000
10.153,0.0000,0.0000,0.0000
10.172,0.0000,0.0000,0.0000
10.193,0.0000,0.0000,0.0000
10.213,0.0000,0.0000,0.0000
10.233,0.0000,0.0000,0.0000
10.252,0.0000,0.0000,0.0000
10.273,0.0000,0.0000,0.0000
10.292,0.0000,0.0000,0.0000
10.312,0.0000,0.0000,0.0000
10.333,0.0000,0.0000,0.0000
10.352,0.0000,0.0000,0.0000
10.372,0.0000,0.0000,0.0000
10.393,0.0000,0.0000,0.0000
10.413,0.0000,0.0000,0.0000
10.432,0.0000,0.0000,0.0000
10.452,0.0000,0.0000,0.0000
10.473,0.0000,0.0000,0.0000
10.492,0.0000,0.0000,0.0000
10.512,0.0000,0.0000,0.0000
10.533,0.0000,0.0000,0.0000
10.552,0.0000,0.0000,0.0000
10.572,0.0000,0.0000,0.0000
10.592,0.0000,0.0000,0.0000
10.612,0.0000,0.0000,0.0000
10.632,0.0000,0.0000,0.0000
10.652,0.0000,0.0000,0.0000
10.672,0.0000,0.0000,0.0000
10.692,0.0000,0.0000,0.0000
10.712,0.0000,0.0000,0.0000
10.732,0.0000,0.0000,0.0000
10.752,0.0000,0.0000,0.0000
10.772,0.0000,0.0000,0.0000
10.793,0.0000,0.0000,0.0000
10.812,0.0000,0.0000,0.0000
10.832,0.0000,0.0000,0.0000
10.852,0.0000,0.0000,0.0000
10.872,0.0000,0.0000,0.0000
10.892,0.0000,0.0000,0.0000
10.912,0.0000,0.0000,0.0000
10.932,0.0000,0.0000,0.0000
10.952,0.0000,0.0000,0.0000
10.972,0.0000,0.0000,0.0000
10.992,0.0000,0.0000,0.0000
11.012,0.0000,0.0000,0.0000
11.032,0.0000,0.0000,0.0000
11.052,0.0000,0.0000,0.0000
11.072,0.0000,0.0000,0.0000
11.092,0.0000,0.0000,0.0000
11.112,0.0000,0.0000,0.0000
11.132,0.0000,0.0000,0.0000
11.152,0.0000,0.0000,0.0000
11.172,0.0000,0.0000,0.0000
11.192,0.0000,0.0000,0.0000
11.212,0.0000,0.0000,0.0000
11.232,0.0000,0.0000,0.0000
11.252,0.0000,0.0000,0.0000
11.272,0.0000,0.0000,0.0000
11.292,0.0000,0.0000,0.0000
11.312,0.0000,0.0000,0.0000
11.332,0.0000,0.0000,0.0000
11.352,0.0000,0.0000,0.0000
11.372,0.0000,0.0000,0.0000
11.392,0.0000,0.0000,0.0000
11.412,0.0000,0.0000,0.0000
11.432,0.0000,0.0000,0.0000
11.452,0.0000,0.0000,0.0000
11.472,0.0000,0.0000,0.0000
11.493,0.0000,0.0000,0.0000
11.512,0.0000,0.0000,0.0000
11.532,0.0000,0.0000,0.0000
11.552,0.0000,0.0000,0.0000
11.572,0.0000,0.0000,0.0000
11.592,0.0000,0.0000,0.0000
11.612,0.0000,0.0000,0.0000
11.632,0.0000,0.0000,0.0000
11.652,0.0000,0.0000,0.0000
11.672,0.0000,0.0000,0.0000
11.692,0.0000,0.0000,0.0000
11.713,0.0000,0.0000,0.0000
11.733,0.0000,0.0000,0.0000
11.752,0.0000,0.0000,0.0000
11.772,0.0000,0.0000,0.0000
11.792,0.0000,0.0000,0.0000
11.812,0.0000,0.0000,0.0000
11.832,0.0000,0.0000,0.0000
11.852,0.0000,0.0000,0.0000
11.872,0.0000,0.0000,0.0000
11.892,0.0000,0.0000,0.0000
11.912,0.0000,0.0000,0.0000
11.932,0.0000,0.0000,0.0000
11.952,0.0000,0.0000,0.0000
11.973,0.0000,0.0000,0.0000
11.993,0.0000,0.0000,0.0000
12.012,0.0000,0.0000,0.0000
12.032,0.0000,0.0000,0.0000
12.052,0.0000,0.0000,0.0000
12.072,0.0000,0.0000,0.0000
12.092,0.0000,0.0000,0.0000
12.112,0.0000,0.0000,0.0000
12.132,0.0000,0.0000,0.0000
12.152,0.0000,0.0000,0.0000
12.172,0.0000,0.0000,0.0000
12.192,0.0000,0.0000,0.0000
12.212,0.0000,0.0000,0.0000
12.232,0.0000,0.0000,0.0000
12.252,0.0000,0.0000,0.0000
12.272,0.0000,0.0000,0.0000
12.292,0.0000,0.0000,0.0000
12.312,0.0000,0.0000,0.0000
12.332,0.0000,0.0000,0.0000
12.352,0.0000,0.0000,0.0000
12.372,0.0000,0.0000,0.0000
12.393,0.0000,0.0000,0.0000
12.412,0.0000,0.0000,0.0000
12.432,0.0000,0.0000,0.0000
12.452,0.0000,0.0000,0.0000
12.472,0.0000,0.0000,0.0000
12.493,0.0000,0.0000,0.0000
12.513,0.0000,0.0000,0.0000
12.532,0.0000,0.0000,0.0000
12.553,0.0000,0.0000,0.0000
12.572,0.0000,0.0000,0.0000
12.592,0.0000,0.0000,0.0000
12.612,0.0000,0.0000,0.0000
12.632,0.0000,0.0000,0.0000
12.652,0.0000,0.0000,0.0000
12.672,0.0000,0.0000,0.0000
12.693,0.0000,0.0000,0.0000
12.712,0.0000,0.0000,0.0000
12.733,0.0000,0.0000,0.0000
12.752,0.0000,0.0000,0.0000
12.772,0.0000,0.0000,0.0000
12.792,0.0000,0.0000,0.0000
12.812,0.0000,0.0000,0.0000
12.832,0.0000,0.0000,0.0000
12.852,0.0000,0.0000,0.0000
12.873,0.0000,0.0000,0.0000
12.892,0.0000,0.0000,0.0000
12.912,0.0000,0.0000,0.0000
12.932,0.0000,0.0000,0.0000
12.952,0.0000,0.0000,0.0000
12.973,0.0000,0.0000,0.0000
12.992,0.0000,0.0000,0.0000
13.012,0.0000,0.0000,0.0000
13.032,0.0000,0.0000,0.0000
13.052,0.0000,0.0000,0.0000
13.072,0.0000,0.0000,0.0000
13.092,0.0000,0.0000,0.0000
13.112,0.0000,0.0000,0.0000
13.132,0.0000,0.0000,0.0000
13.153,0.0000,0.0000,0.0000
13.172,0.0000,0.0000,0.0000
13.192,0.0000,0.0000,0.0000
13.212,0.0000,0.0000,0.0000
13.233,0.0000,0.0000,0.0000
13.252,0.0000,0.0000,0.0000
13.272,0.0000,0.0000,0.0000
13.292,0.0000,0.0000,0.0000
13.312,0.0000,0.0000,0.0000
13.332,0.0000,0.0000,0.0000
13.352,0.0000,0.0000,0.0000
13.372,0.0000,0.0000,0.0000
13.393,0.0000,0.0000,0.0000
13.412,0.0000,0.0000,0.0000
13.432,0.0000,0.0000,0.0000
13.452,0.0000,0.0000,0.0000
13.473,0.0000,0.0000,0.0000
13.492,0.0000,0.0000,0.0000
13.512,0.0000,0.0000,0.0000
13.532,0.0000,0.0000,0.0000
13.552,0.0000,0.0000,0.0000
13.572,0.0000,0.0000,0.0000
13.592,0.0000,0.0000,0.0000
13.612,0.0000,0.0000,0.0000
13.632,0.0000,0.0000,0.0000
13.652,0.0000,0.0000,0.0000
13.672,0.0000,0.0000,0.0000
13.692,0.0000,0.0000,0.0000
13.712,0.0000,0.0000,0.0000
13.732,0.0000,0.0000,0.0000
13.752,0.0000,0.0000,0.0000
13.773,0.0000,0.0000,0.0000
13.792,0.0000,0.0000,0.0000
13.812,0.0000,0.0000,0.0000
13.833,0.0000,0.0000,0.0000
13.852,0.0000,0.0000,0.0000
13.872,0.0000,0.0000,0.0000
13.893,0.0000,0.0000,0.0000
13.912,0.0000,0.0000,0.0000
13.932,0.0000,0.0000,0.0000
13.952,0.0000,0.0000,0.0000
13.972,0.0000,0.0000,0.0000
13.992,0.0000,0.0000,0.0000
14.012,0.0000,0.0000,0.0000
14.032,0.0000,0.0000,0.0000
14.052,0.0000,0.0000,0.0000
14.072,0.0000,0.0000,0.0000
14.092,0.0000,0.0000,0.0000
14.112,0.0000,0.0000,0.0000
14.132,0.0000,0.0000,0.0000
14.152,0.0000,0.0000,0.0000
14.173,0.0000,0.0000,0.0000
14.192,0.0000,0.0000,0.0000
14.212,0.0000,0.0000,0.0000
14.232,0.0000,0.0000,0.0000
14.252,0.0000,0.0000,0.0000
14.272,0.0000,0.0000,0.0000
14.292,0.0000,0.0000,0.0000
14.312,0.0000,0.0000,0.0000
14.332,0.0000,0.0000,0.0000
14.352,0.0000,0.0000,0.0000
14.372,0.0000,0.0000,0.0000
14.392,0.0000,0.0000,0.0000
14.412,0.0000,0.0000,0.0000
14.432,0.0000,0.0000,0.0000
14.453,0.0000,0.0000,0.0000
14.472,0.0000,0.0000,0.0000
14.492,0.0000,0.0000,0.0000
14.512,0.0000,0.0000,0.0000
14.532,0.0000,0.0000,0.0000
14.552,0.0000,0.0000,0.0000
14.572,0.0000,0.0000,0.0000
14.592,0.0000,0.0000,0.0000
14.613,0.0000,0.0000,0.0000
14.632,0.0000,0.0000,0.0000
14.652,0.0000,0.0000,0.0000
14.672,0.0000,0.0000,0.0000
14.692,0.0000,0.0000,0.0000
14.712,0.0000,0.0000,0.0000
14.732,0.0000,0.0000,0.0000
14.752,0.0000,0.0000,0.0000
14.772,0.0000,0.0000,0.0000
14.792,0.0000,0.0000,0.0000
14.812,0.0000,0.0000,0.0000
14.832,0.0000,0.0000,0.0000
14.852,0.0000,0.0000,0.0000
14.872,0.0000,0.0000,0.0000
14.892,0.0000,0.0000,0.0000
14.912,0.0000,0.0000,0.0000
14.932,0.0000,0.0000,0.0000
14.952,0.0000,0.0000,0.0000
14.972,0.0000,0.0000,0.0000
14.992,0.0000,0.0000,0.0000
15.012,0.0000,0.0000,0.0000
15.032,0.0000,0.0000,0.0000
15.052,0.0000,0.0000,0.0000
15.072,0.0000,0.0000,0.0000
15.092,0.0000,0.0000,0.0000
15.112,0.0000,0.0000,0.0000
15.132,0.0000,0.0000,0.0000
15.152,0.0000,0.0000,0.0000
15.172,0.0000,0.0000,0.0000
15.192,0.0000,0.0000,0.0000
15.212,0.0000,0.0000,0.0000
15.232,0.0000,0.0000,0.0000
15.252,0.0000,0.0000,0.0000
15.272,0.0000,0.0000,0.0000
15.292,0.0000,0.0000,0.0000
15.312,0.0000,0.0000,0.0000
15.332,0.0000,0.0000,0.0000
15.352,0.0000,0.0000,0.0000
15.372,0.0000,0.0000,0.0000
15.393,0.0000,0.0000,0.0000
15.412,0.0000,0.0000,0.0000
15.432,0.0000,0.0000,0.0000
15.452,0.0000,0.0000,0.0000
15.472,0.0000,0.0000,0.0000
15.492,0.0000,0.0000,0.0000
15.512,0.0000,0.0000,0.0000
15.532,0.0000,0.0000,0.0000
15.552,0.0000,0.0000,0.0000
15.572,0.0000,0.0000,0.0000
15.592,0.0000,0.0000,0.0000
15.612,0.0000,0.0000,0.0000
15.632,0.0000,0.0000,0.0000
15.652,0.0000,0.0000,0.0000
15.672,0.0000,0.0000,0.0000
15.692,0.0000,0.0000,0.0000
15.712,0.0000,0.0000,0.0000
15.732,0.0000,0.0000,0.0000
15.752,0.0000,0.0000,0.0000
15.772,0.0000,0.0000,0.0000
15.793,0.0000,0.0000,0.0000
15.812,0.0000,0.0000,0.0000
15.833,0.0000,0.0000,0.0000
15.852,0.0000,0.0000,0.0000
15.872,0.0000,0.0000,0.0000
15.892,0.0000,0.0000,0.0000
15.912,0.0000,0.0000,0.0000
15.932,0.0000,0.0000,0.0000
15.952,0.0000,0.0000,0.0000
15.972,0.0000,0.0000,0.0000
15.992,0.0000,0.0000,0.0000
16.012,0.0000,0.0000,0.0000
16.032,0.0000,0.0000,0.0000
16.052,0.0000,0.0000,0.0000
16.073,0.0000,0.0000,0.0000
16.092,0.0000,0.0000,0.0000
16.112,0.0000,0.0000,0.0000
16.132,0.0000,0.0000,0.0000
16.153,0.0000,0.0000,0.0000
16.172,0.0000,0.0000,0.0000
16.192,0.0000,0.0000,0.0000
16.212,0.0000,0.0000,0.0000
16.232,0.0000,0.0000,0.0000
16.252,0.0000,0.0000,0.0000
16.272,0.0000,0.0000,0.0000
16.292,0.0000,0.0000,0.0000
16.312,0.0000,0.0000,0.0000
16.332,0.0000,0.0000,0.0000
16.352,0.0000,0.0000,0.0000
16.372,0.0000,0.0000,0.0000
16.392,0.0000,0.0000,0.0000
16.412,0.0000,0.0000,0.0000
16.432,0.0000,0.0000,0.0000
16.452,0.0000,0.0000,0.0000
16.472,0.0000,0.0000,0.0000
16.492,0.0000,0.0000,0.0000
16.512,0.0000,0.0000,0.0000
16.532,0.0000,0.0000,0.0000
16.552,0.0000,0.0000,0.0000
16.572,0.0000,0.0000,0.0000
16.592,0.0000,0.0000,0.0000
16.612,0.0000,0.0000,0.0000
16.632,0.0000,0.0000,0.0000
16.652,0.0000,0.0000,0.0000
16.672,0.0000,0.0000,0.0000
16.692,0.0000,0.0000,0.0000
16.712,0.0000,0.0000,0.0000
16.732,0.0000,0.0000,0.0000
16.752,0.0000,0.0000,0.0000
16.772,0.0000,0.0000,0.0000
16.792,0.0000,0.0000,0.0000
16.812,0.0000,0.0000,0.0000
16.832,0.0000,0.0000,0.0000
16.852,0.0000,0.0000,0.0000
16.872,0.0000,0.0000,0.0000
16.892,0.0000,0.0000,0.0000
16.912,0.0000,0.0000,0.0000
16.932,0.0000,0.0000,0.0000
16.952,0.0000,0.0000,0.0000
16.972,0.0000,0.0000,0.0000
16.992,0.0000,0.0000,0.0000
17.012,0.0000,0.0000,0.0000
17.032,0.0000,0.0000,0.0000
17.052,0.0000,0.0000,0.0000
17.072,0.0000,0.0000,0.0000
17.092,0.0000,0.0000,0.0000
17.112,0.0000,0.0000,0.0000
17.132,0.0000,0.0000,0.0000
17.152,0.0000,0.0000,0.0000
17.172,0.0000,0.0000,0.0000
17.192,0.0000,0.0000,0.0000
17.212,0.0000,0.0000,0.0000
17.232,0.0000,0.0000,0.0000
17.252,0.0000,0.0000,0.0000
17.272,0.0000,0.0000,0.0000
17.292,0.0000,0.0000,0.0000
17.312,0.0000,0.0000,0.0000
17.332,0.0000,0.0000,0.0000
17.352,0.0000,0.0000,0.0000
17.372,0.0000,0.0000,0.0000
17.392,0.0000,0.0000,0.0000
17.412,0.0000,0.0000,0.0000
17.432,0.0000,0.0000,0.0000
17.452,0.0000,0.0000,0.0000
17.472,0.0000,0.0000,0.0000
17.492,0.0000,0.0000,0.0000
17.512,0.0000,0.0000,0.0000
17.532,0.0000,0.0000,0.0000
17.552,0.0000,0.0000,0.0000
17.572,0.0000,0.0000,0.0000
17.592,0.0000,0.0000,0.0000
17.612,0.0000,0.0000,0.0000
17.632,0.0000,0.0000,0.0000
17.652,0.0000,0.0000,0.0000
17.672,0.0000,0.0000,0.0000
17.692,0.0000,0.0000,0.0000
17.712,0.0000,0.0000,0.0000
17.732,0.0000,0.0000,0.0000
17.752,0.0000,0.0000,0.0000
17.772,0.0000,0.0000,0.0000
17.792,0.0000,0.0000,0.0000
17.812,0.0000,0.0000,0.0000
17.832,0.0000,0.0000,0.0000
17.852,0.0000,0.0000,0.0000
17.872,0.0000,0.0000,0.0000
17.892,0.0000,0.0000,0.0000
17.912,0.0000,0.0000,0.0000
17.932,0.0000,0.0000,0.0000
17.952,0.0000,0.0000,0.0000
17.972,0.0000,0.0000,0.0000
17.992,0.0000,0.0000,0.0000
18.012,0.0000,0.0000,0.0000
18.032,0.0000,0.0000,0.0000
18.052,0.0000,0.0000,0.0000
18.072,0.0000,0.0000,0.0000
18.092,0.0000,0.0000,0.0000
18.112,0.0000,0.0000,0.0000
18.132,0.0000,0.0000,0.0000
18.152,0.0000,0.0000,0.0000
18.172,0.0000,0.0000,0.0000
18.192,0.0000,0.0000,0.0000
18.212,0.0000,0.0000,0.0000
18.232,0.0000,0.0000,0.0000
18.252,0.0000,0.0000,0.0000
18.272,0.0000,0.0000,0.0000
18.292,0.0000,0.0000,0.0000
18.312,0.0000,0.0000,0.0000
18.332,0.0000,0.0000,0.0000
18.352,0.0000,0.0000,0.0000
18.372,0.0000,0.0000,0.0000
18.392,0.0000,0.0000,0.0000
18.412,0.0000,0.0000,0.0000
18.432,0.0000,0.0000,0.0000
18.452,0.0000,0.0000,0.0000
18.472,0.0000,0.0000,0.0000
18.492,0.0000,0.0000,0.0000
18.512,0.0000,0.0000,0.0000
18.532,0.0000,0.0000,0.0000
18.552,0.0000,0.0000,0.0000
18.572,0.0000,0.0000,0.0000
18.592,0.0000,0.0000,0.0000
18.612,0.0000,0.0000,0.0000
18.632,0.0000,0.0000,0.0000
18.652,0.0000,0.0000,0.0000
18.672,0.0000,0.0000,0.0000
18.692,0.0000,0.0000,0.0000
18.712,0.0000,0.0000,0.0000
18.732,0.0000,0.0000,0.0000
18.752,0.0000,0.0000,0.0000
18.772,0.0000,0.0000,0.0000
18.792,0.0000,0.0000,0.0000
18.812,0.0000,0.0000,0.0000
18.832,0.0000,0.0000,0.0000
18.852,0.0000,0.0000,0.0000
18.872,0.0000,0.0000,0.0000
18.892,0.0000,0.0000,0.0000
18.912,0.0000,0.0000,0.0000
18.932,0.0000,0.0000,0.0000
18.952,0.0000,0.0000,0.0000
18.972,0.0000,0.0000,0.0000
18.992,0.0000,0.0000,0.0000
19.012,0.0000,0.0000,0.0000
19.032,0.0000,0.0000,0.0000
19.052,0.0000,0.0000,0.0000
19.072,0.0000,0.0000,0.0000
19.092,0.0000,0.0000,0.0000
19.112,0.0000,0.0000,0.0000
19.132,0.0000,0.0000,0.0000
19.152,0.0000,0.0000,0.0000
19.172,0.0000,0.0000,0.0000
19.192,0.0000,0.0000,0.0000
19.212,0.0000,0.0000,0.0000
19.232,0.0000,0.0000,0.0000
19.252,0.0000,0.0000,0.0000
19.272,0.0000,0.0000,0.0000
19.292,0.0000,0.0000,0.0000
19.312,0.0000,0.0000,0.0000
19.332,0.0000,0.0000,0.0000
19.352,0.0000,0.0000,0.0000
19.372,0.0000,0.0000,0.0000
19.392,0.0000,0.0000,0.0000
19.412,0.0000,0.0000,0.0000
19.432,0.0000,0.0000,0.0000
19.452,0.0000,0.0000,0.0000
19.472,0.0000,0.0000,0.0000
19.492,0.0000,0.0000,0.0000
19.512,0.0000,0.0000,0.0000
19.532,0.0000,0.0000,0.0000
19.552,0.0000,0.0000,0.0000
19.572,0.0000,0.0000,0.0000
19.592,0.0000,0.0000,0.0000
19.612,0.0000,0.0000,0.0000
19.632,0.0000,0.0000,0.0000
19.652,0.0000,0.0000,0.0000
19.672,0.0000,0.0000,0.0000
19.692,0.0000,0.0000,0.0000
19.712,0.0000,0.0000,0.0000
19.732,0.0000,0.0000,0.0000
19.752,0.0000,0.0000,0.0000
19.772,0.0000,0.0000,0.0000
19.792,0.0000,0.0000,0.0000
19.812,0.0000,0.0000,0.0000
19.832,0.0000,0.0000,0.0000
19.853,0.0000,0.0000,0.0000
19.872,0.0000,0.0000,0.0000
19.892,0.0000,0.0000,0.0000
19.912,0.0000,0.0000,0.0000
19.932,0.0000,0.0000,0.0000
19.952,0.0000,0.0000,0.0000
19.972,0.0000,0.0000,0.0000
19.992,0.0000,0.0000,0.0000
20.012,0.0000,0.0000,0.0000
20.032,0.0000,0.0000,0.0000
20.052,0.0000,0.0000,0.0000
20.072,0.0000,0.0000,0.0000
20.092,0.0000,0.0000,0.0000
20.112,0.0000,0.0000,0.0000
20.132,0.0000,0.0000,0.0000
20.152,0.0000,0.0000,0.0000
20.172,0.0000,0.0000,0.0000
20.192,0.0000,0.0000,0.0000
20.212,0.0000,0.0000,0.0000
20.232,0.0000,0.0000,0.0000
20.252,0.0000,0.0000,0.0000
20.272,0.0000,0.0000,0.0000
20.292,0.0000,0.0000,0.0000
20.312,0.0000,0.0000,0.0000
20.332,0.0000,0.0000,0.0000
20.352,0.0000,0.0000,0.0000
20.372,0.0000,0.0000,0.0000
20.392,0.0000,0.0000,0.0000
20.412,0.0000,0.0000,0.0000
20.432,0.0000,0.0000,0.0000
20.452,0.0000,0.0000,0.0000
20.472,0.0000,0.0000,0.0000
20.492,0.0000,0.0000,0.0000
20.512,0.0000,0.0000,0.0000
20.532,0.0000,0.0000,0.0000
20.552,0.0000,0.0000,0.0000
20.573,0.0000,0.0000,0.0000
20.592,0.0000,0.0000,0.0000
20.612,0.0000,0.0000,0.0000
20.632,0.0000,0.0000,0.0000
20.652,0.0000,0.0000,0.0000
20.672,0.0000,0.0000,0.0000
20.693,0.0000,0.0000,0.0000
20.712,0.0000,0.0000,0.0000
20.732,0.0000,0.0000,0.0000
20.752,0.0000,0.0000,0.0000
20.772,0.0000,0.0000,0.0000
20.792,0.0000,0.0000,0.0000
20.812,0.0000,0.0000,0.0000
20.832,0.0000,0.0000,0.0000
20.852,0.0000,0.0000,0.0000
20.872,0.0000,0.0000,0.0000
20.891,0.0000,0.0000,0.0000
20.912,0.0000,0.0000,0.0000
20.931,0.0000,0.0000,0.0000
20.951,0.0000,0.0000,0.0000
20.972,0.0000,0.0000,0.0000
20.992,0.0000,0.0000,0.0000
21.012,0.0000,0.0000,0.0000
21.032,0.0000,0.0000,0.0000
21.051,0.0000,0.0000,0.0000
21.072,0.0000,0.0000,0.0000
21.093,0.0000,0.0000,0.0000
21.112,0.0000,0.0000,0.0000
21.131,0.0000,0.0000,0.0000
21.151,0.0000,0.0000,0.0000
21.171,0.0000,0.0000,0.0000
21.191,0.0000,0.0000,0.0000
21.212,0.0000,0.0000,0.0000
21.231,0.0000,0.0000,0.0000
21.251,0.0000,0.0000,0.0000
21.271,0.0000,0.0000,0.0000
21.292,0.0000,0.0000,0.0000
21.311,0.0000,0.0000,0.0000
21.331,0.0000,0.0000,0.0000
21.351,0.0000,0.0000,0.0000
21.371,0.0000,0.0000,0.0000
21.391,0.0000,0.0000,0.0000
21.411,0.0000,0.0000,0.0000
21.431,0.0000,0.0000,0.0000
21.451,0.0000,0.0000,0.0000
21.471,0.0000,0.0000,0.0000
21.491,0.0000,0.0000,0.0000
21.511,0.0000,0.0000,0.0000
21.532,0.0000,0.0000,0.0000
21.551,0.0000,0.0000,0.0000
21.571,0.0000,0.0000,0.0000
21.591,0.0000,0.0000,0.0000
21.611,0.0000,0.0000,0.0000
21.632,0.0000,0.0000,0.0000
21.652,0.0000,0.0000,0.0000
21.671,0.0000,0.0000,0.0000
21.691,0.0000,0.0000,0.0000
21.711,0.0000,0.0000,0.0000
21.731,0.0000,0.0000,0.0000
21.751,0.0000,0.0000,0.0000
21.771,0.0000,0.0000,0.0000
21.792,0.0000,0.0000,0.0000
21.811,0.0000,0.0000,0.0000
21.831,0.0000,0.0000,0.0000
21.852,0.0000,0.0000,0.0000
21.871,0.0000,0.0000,0.0000
21.891,0.0000,0.0000,0.0000
21.912,0.0000,0.0000,0.0000
21.931,0.0000,0.0000,0.0000
21.951,0.0000,0.0000,0.0000
21.972,0.0000,0.0000,0.0000
21.991,0.0000,0.0000,0.0000
22.012,0.0000,0.0000,0.0000
22.031,0.0000,0.0000,0.0000
22.051,0.0000,0.0000,0.0000
22.071,0.0000,0.0000,0.0000
22.091,0.0000,0.0000,0.0000
22.111,0.0000,0.0000,0.0000
22.131,0.0000,0.0000,0.0000
22.151,0.0000,0.0000,0.0000
22.171,0.0000,0.0000,0.0000
22.191,0.0000,0.0000,0.0000
22.211,0.0000,0.0000,0.0000
22.231,0.0000,0.0000,0.0000
22.251,0.0000,0.0000,0.0000
22.271,0.0000,0.0000,0.0000
22.292,0.0000,0.0000,0.0000
22.311,0.0000,0.0000,0.0000
22.331,0.0000,0.0000,0.0000
22.351,0.0000,0.0000,0.0000
22.371,0.0000,0.0000,0.0000
22.391,0.0000,0.0000,0.0000
22.411,0.0000,0.0000,0.0000
22.431,0.0000,0.0000,0.0000
22.451,0.0000,0.0000,0.0000
22.471,0.0000,0.0000,0.0000
22.491,0.0000,0.0000,0.0000
22.511,0.0000,0.0000,0.0000
22.531,0.0000,0.0000,0.0000
22.552,0.0000,0.0000,0.0000
22.571,0.0000,0.0000,0.0000
22.591,0.0000,0.0000,0.0000
22.611,0.0000,0.0000,0.0000
22.631,0.0000,0.0000,0.0000
22.651,0.0000,0.0000,0.0000
22.671,0.0000,0.0000,0.0000
22.691,0.0000,0.0000,0.0000
22.711,0.0000,0.0000,0.0000
22.731,0.0000,0.0000,0.0000
22.751,0.0000,0.0000,0.0000
22.771,0.0000,0.0000,0.0000
22.792,0.0000,0.0000,0.0000
22.811,0.0000,0.0000,0.0000
22.831,0.0000,0.0000,0.0000
22.852,0.0000,0.0000,0.0000
22.871,0.0000,0.0000,0.0000
22.891,0.0000,0.0000,0.0000
22.911,0.0000,0.0000,0.0000
22.931,0.0000,0.0000,0.0000
22.951,0.0000,0.0000,0.0000
22.971,0.0000,0.0000,0.0000
22.991,0.0000,0.0000,0.0000
23.011,0.0000,0.0000,0.0000
23.031,0.0000,0.0000,0.0000
23.051,0.0000,0.0000,0.0000
23.073,0.0000,0.0000,0.0000
23.091,0.0000,0.0000,0.0000
23.111,0.0000,0.0000,0.0000
23.131,0.0000,0.0000,0.0000
23.151,0.0000,0.0000,0.0000
23.171,0.0000,0.0000,0.0000
23.191,0.0000,0.0000,0.0000
23.211,0.0000,0.0000,0.0000
23.231,0.0000,0.0000,0.0000
23.251,0.0000,0.0000,0.0000
23.271,0.0000,0.0000,0.0000
23.291,0.0000,0.0000,0.0000
23.311,0.0000,0.0000,0.0000
23.331,0.0000,0.0000,0.0000
23.352,0.0000,0.0000,0.0000
23.371,0.0000,0.0000,0.0000
23.391,0.0000,0.0000,0.0000
23.411,0.0000,0.0000,0.0000
23.431,0.0000,0.0000,0.0000
23.450,0.0000,0.0000,0.0000
23.471,0.0000,0.0000,0.0000
23.491,0.0000,0.0000,0.0000
23.511,0.0000,0.0000,0.0000
23.531,0.0000,0.0000,0.0000
23.551,0.0000,0.0000,0.0000
23.571,0.0000,0.0000,0.0000
23.591,0.0000,0.0000,0.0000
23.611,0.0000,0.0000,0.0000
23.631,0.0000,0.0000,0.0000
23.650,0.0000,0.0000,0.0000
23.671,0.0000,0.0000,0.0000
23.691,0.0000,0.0000,0.0000
23.710,0.0000,0.0000,0.0000
23.730,0.0000,0.0000,0.0000
23.751,0.0000,0.0000,0.0000
23.771,0.0000,0.0000,0.0000
23.790,0.0000,0.0000,0.0000
23.812,0.0000,0.0000,0.0000
23.831,0.0000,0.0000,0.0000
23.850,0.0000,0.0000,0.0000
23.871,0.0000,0.0000,0.0000
23.891,0.0000,0.0000,0.0000
23.910,0.0000,0.0000,0.0000
23.930,0.0000,0.0000,0.0000
23.951,0.0000,0.0000,0.0000
23.970,0.0000,0.0000,0.0000
23.990,0.0000,0.0000,0.0000
24.010,0.0000,0.0000,0.0000
24.031,0.0000,0.0000,0.0000
24.050,0.0000,0.0000,0.0000
24.070,0.0000,0.0000,0.0000
24.091,0.0000,0.0000,0.0000
24.111,0.0000,0.0000,0.0000
24.130,0.0000,0.0000,0.0000
24.151,0.0000,0.0000,0.0000
24.170,0.0000,0.0000,0.0000
24.190,0.0000,0.0000,0.0000
24.210,0.0000,0.0000,0.0000
24.230,0.0000,0.0000,0.0000
24.251,0.0000,0.0000,0.0000
24.270,0.0000,0.0000,0.0000
24.290,0.0000,0.0000,0.0000
24.310,0.0000,0.0000,0.0000
24.330,0.0000,0.0000,0.0000
24.351,0.0000,0.0000,0.0000
24.371,0.0000,0.0000,0.0000
24.390,0.0000,0.0000,0.0000
24.410,0.0000,0.0000,0.0000
24.430,0.0000,0.0000,0.0000
24.450,0.0000,0.0000,0.0000
24.471,0.0000,0.0000,0.0000
24.490,0.0000,0.0000,0.0000
24.510,0.0000,0.0000,0.0000
24.530,0.0000,0.0000,0.0000
24.550,0.0000,0.0000,0.0000
24.570,0.0000,0.0000,0.0000
24.590,0.0000,0.0000,0.0000
24.610,0.0000,0.0000,0.0000
24.630,0.0000,0.0000,0.0000
24.650,0.0000,0.0000,0.0000
24.670,0.0000,0.0000,0.0000
24.690,0.0000,0.0000,0.0000
24.711,0.0000,0.0000,0.0000
24.730,0.0000,0.0000,0.0000
24.750,0.0000,0.0000,0.0000
24.770,0.0000,0.0000,0.0000
24.790,0.0000,0.0000,0.0000
24.810,0.0000,0.0000,0.0000
24.831,0.0000,0.0000,0.0000
24.850,0.0000,0.0000,0.0000
24.870,0.0000,0.0000,0.0000
24.890,0.0000,0.0000,0.0000
24.910,0.0000,0.0000,0.0000
24.931,0.0000,0.0000,0.0000
24.950,0.0000,0.0000,0.0000
24.970,0.0000,0.0000,0.0000
24.990,0.0000,0.0000,0.0000
25.010,0.0000,0.0000,0.0000
25.030,0.0000,0.0000,0.0000
25.050,0.0000,0.0000,0.0000
25.070,0.0000,0.0000,0.0000
25.090,0.0000,0.0000,0.0000
25.110,0.0000,0.0000,0.0000
25.130,0.0000,0.0000,0.0000
25.150,0.0000,0.0000,0.0000
25.170,0.0000,0.0000,0.0000
25.190,0.0000,0.0000,0.0000
25.210,0.0000,0.0000,0.0000
25.230,0.0000,0.0000,0.0000
25.250,0.0000,0.0000,0.0000
25.270,0.0000,0.0000,0.0000
25.290,0.0000,0.0000,0.0000
25.310,0.0000,0.0000,0.0000
25.330,0.0000,0.0000,0.0000
25.350,0.0000,0.0000,0.0000
25.370,0.0000,0.0000,0.0000
25.390,0.0000,0.0000,0.0000
25.410,0.0000,0.0000,0.0000
25.430,0.0000,0.0000,0.0000
25.450,0.0000,0.0000,0.0000
25.471,0.0000,0.0000,0.0000
25.490,0.0000,0.0000,0.0000
25.510,0.0000,0.0000,0.0000
25.530,0.0000,0.0000,0.0000
25.550,0.0000,0.0000,0.0000
25.571,0.0000,0.0000,0.0000
25.590,0.0000,0.0000,0.0000
25.610,0.0000,0.0000,0.0000
25.630,0.0000,0.0000,0.0000
25.650,0.0000,0.0000,0.0000
25.670,0.0000,0.0000,0.0000
25.690,0.0000,0.0000,0.0000
25.710,0.0000,0.0000,0.0000
25.730,0.0000,0.0000,0.0000
25.750,0.0000,0.0000,0.0000
25.772,0.0000,0.0000,0.0000
25.790,0.0000,0.0000,0.0000
25.810,0.0000,0.0000,0.0000
25.830,0.0000,0.0000,0.0000
25.850,0.0000,0.0000,0.0000
25.870,0.0000,0.0000,0.0000
25.890,0.0000,0.0000,0.0000
25.910,0.0000,0.0000,0.0000
25.930,0.0000,0.0000,0.0000
25.950,0.0000,0.0000,0.0000
25.971,0.0000,0.0000,0.0000
25.990,0.0000,0.0000,0.0000
26.010,0.0000,0.0000,0.0000
26.030,0.0000,0.0000,0.0000
26.050,0.0000,0.0000,0.0000
26.070,0.0000,0.0000,0.0000
26.090,0.0000,0.0000,0.0000
26.110,0.0000,0.0000,0.0000
26.130,0.0000,0.0000,0.0000
26.150,0.0000,0.0000,0.0000
26.170,0.0000,0.0000,0.0000
26.190,0.0000,0.0000,0.0000
26.210,0.0000,0.0000,0.0000
26.230,0.0000,0.0000,0.0000
26.249,0.0000,0.0000,0.0000
26.270,0.0000,0.0000,0.0000
26.289,0.0000,0.0000,0.0000
26.309,0.0000,0.0000,0.0000
26.330,0.0000,0.0000,0.0000
26.350,0.0000,0.0000,0.0000
26.369,0.0000,0.0000,0.0000
26.390,0.0000,0.0000,0.0000
26.410,0.0000,0.0000,0.0000
26.429,0.0000,0.0000,0.0000
26.449,0.0000,0.0000,0.0000
26.470,0.0000,0.0000,0.0000
26.489,0.0000,0.0000,0.0000
26.510,0.0000,0.0000,0.0000
26.530,0.0000,0.0000,0.0000
26.550,0.0000,0.0000,0.0000
26.570,0.0000,0.0000,0.0000
26.590,0.0000,0.0000,0.0000
26.610,0.0000,0.0000,0.0000
26.629,0.0000,0.0000,0.0000
26.649,0.0000,0.0000,0.0000
26.671,0.0000,0.0000,0.0000
26.689,0.0000,0.0000,0.0000
26.709,0.0000,0.0000,0.0000
26.730,0.0000,0.0000,0.0000
26.749,0.0000,0.0000,0.0000
26.769,0.0000,0.0000,0.0000
26.790,0.0000,0.0000,0.0000
26.810,0.0000,0.0000,0.0000
26.829,0.0000,0.0000,0.0000
26.849,0.0000,0.0000,0.0000
26.870,0.0000,0.0000,0.0000
26.889,0.0000,0.0000,0.0000
26.909,0.0000,0.0000,0.0000
26.930,0.0000,0.0000,0.0000
26.950,0.0000,0.0000,0.0000
26.969,0.0000,0.0000,0.0000
26.989,0.0000,0.0000,0.0000
27.009,0.0000,0.0000,0.0000
27.030,0.0000,0.0000,0.0000
27.049,0.0000,0.0000,0.0000
27.069,0.0000,0.0000,0.0000
27.089,0.0000,0.0000,0.0000
27.109,0.0000,0.0000,0.0000
27.130,0.0000,0.0000,0.0000
27.149,0.0000,0.0000,0.0000
27.169,0.0000,0.0000,0.0000
27.189,0.0000,0.0000,0.0000
27.209,0.0000,0.0000,0.0000
27.229,0.0000,0.0000,0.0000
27.249,0.0000,0.0000,0.0000
27.270,0.0000,0.0000,0.0000
27.289,0.0000,0.0000,0.0000
27.309,0.0000,0.0000,0.0000
27.329,0.0000,0.0000,0.0000
27.349,0.0000,0.0000,0.0000
27.369,0.0000,0.0000,0.0000
27.390,0.0000,0.0000,0.0000
27.410,0.0000,0.0000,0.0000
27.429,0.0000,0.0000,0.0000
27.449,0.0000,0.0000,0.0000
27.470,0.0000,0.0000,0.0000
27.489,0.0000,0.0000,0.0000
27.509,0.0000,0.0000,0.0000
27.530,0.0000,0.0000,0.0000
27.549,0.0000,0.0000,0.0000
27.569,0.0000,0.0000,0.0000
27.589,0.0000,0.0000,0.0000
27.611,0.0000,0.0000,0.0000
27.629,0.0000,0.0000,0.0000
27.649,0.0000,0.0000,0.0000
27.669,0.0000,0.0000,0.0000
27.689,0.0000,0.0000,0.0000
27.709,0.0000,0.0000,0.0000
27.729,0.0000,0.0000,0.0000
27.749,0.0000,0.0000,0.0000
27.769,0.0000,0.0000,0.0000
27.790,0.0000,0.0000,0.0000
27.809,0.0000,0.0000,0.0000
27.829,0.0000,0.0000,0.0000
27.849,0.0000,0.0000,0.0000
27.870,0.0000,0.0000,0.0000
27.889,0.0000,0.0000,0.0000
27.909,0.0000,0.0000,0.0000
27.929,0.0000,0.0000,0.0000
27.949,0.0000,0.0000,0.0000
27.969,0.0000,0.0000,0.0000
27.989,0.0000,0.0000,0.0000
28.009,0.0000,0.0000,0.0000
28.029,0.0000,0.0000,0.0000
28.049,0.0000,0.0000,0.0000
28.069,0.0000,0.0000,0.0000
28.089,0.0000,0.0000,0.0000
28.109,0.0000,0.0000,0.0000
28.129,0.0000,0.0000,0.0000
28.149,0.0000,0.0000,0.0000
28.169,0.0000,0.0000,0.0000
28.189,0.0000,0.0000,0.0000
28.209,0.0000,0.0000,0.0000
28.229,0.0000,0.0000,0.0000
28.249,0.0000,0.0000,0.0000
28.269,0.0000,0.0000,0.0000
28.289,0.0000,0.0000,0.0000
28.309,0.0000,0.0000,0.0000
28.329,0.0000,0.0000,0.0000
28.349,0.0000,0.0000,0.0000
28.369,0.0000,0.0000,0.0000
28.389,0.0000,0.0000,0.0000
28.409,0.0000,0.0000,0.0000
28.429,0.0000,0.0000,0.0000
28.449,0.0000,0.0000,0.0000
28.469,0.0000,0.0000,0.0000
28.489,0.0000,0.0000,0.0000
28.509,0.0000,0.0000,0.0000
28.529,0.0000,0.0000,0.0000
28.549,0.0000,0.0000,0.0000
28.569,0.0000,0.0000,0.0000
28.589,0.0000,0.0000,0.0000
28.609,0.0000,0.0000,0.0000
28.629,0.0000,0.0000,0.0000
28.649,0.0000,0.0000,0.0000
28.669,0.0000,0.0000,0.0000
28.689,0.0000,0.0000,0.0000
28.709,0.0000,0.0000,0.0000
28.729,0.0000,0.0000,0.0000
28.749,0.0000,0.0000,0.0000
28.770,0.0000,0.0000,0.0000
28.789,0.0000,0.0000,0.0000
28.809,0.0000,0.0000,0.0000
28.829,0.0000,0.0000,0.0000
28.849,0.0000,0.0000,0.0000
28.869,0.0000,0.0000,0.0000
28.889,0.0000,0.0000,0.0000
28.909,0.0000,0.0000,0.0000
28.929,0.0000,0.0000,0.0000
28.949,0.0000,0.0000,0.0000
28.969,0.0000,0.0000,0.0000
28.989,0.0000,0.0000,0.0000
29.009,0.0000,0.0000,0.0000
29.029,0.0000,0.0000,0.0000
29.049,0.0000,0.0000,0.0000
29.069,0.0000,0.0000,0.0000
29.089,0.0000,0.0000,0.0000
29.109,0.0000,0.0000,0.0000
29.129,0.0000,0.0000,0.0000
29.149,0.0000,0.0000,0.0000
29.169,0.0000,0.0000,0.0000
29.189,0.0000,0.0000,0.0000
29.209,0.0000,0.0000,0.0000
29.229,0.0000,0.0000,0.0000
29.249,0.0000,0.0000,0.0000
29.269,0.0000,0.0000,0.0000
29.288,0.0000,0.0000,0.0000
29.309,0.0000,0.0000,0.0000
29.329,0.0000,0.0000,0.0000
29.349,0.0000,0.0000,0.0000
29.369,0.0000,0.0000,0.0000
29.389,0.0000,0.0000,0.0000
29.408,0.0000,0.0000,0.0000
29.428,0.0000,0.0000,0.0000
29.449,0.0000,0.0000,0.0000
29.469,0.0000,0.0000,0.0000
29.489,0.0000,0.0000,0.0000
29.509,0.0000,0.0000,0.0000
29.528,0.0000,0.0000,0.0000
29.549,0.0000,0.0000,0.0000
29.569,0.0000,0.0000,0.0000
29.588,0.0000,0.0000,0.0000
29.608,0.0000,0.0000,0.0000
29.628,0.0000,0.0000,0.0000
29.648,0.0000,0.0000,0.0000
29.669,0.0000,0.0000,0.0000
29.689,0.0000,0.0000,0.0000
29.708,0.0000,0.0000,0.0000
29.728,0.0000,0.0000,0.0000
29.748,0.0000,0.0000,0.0000
29.768,0.0000,0.0000,0.0000
29.788,0.0000,0.0000,0.0000
29.808,0.0000,0.0000,0.0000
29.829,0.0000,0.0000,0.0000
29.848,0.0000,0.0000,0.0000
29.868,0.0000,0.0000,0.0000
29.889,0.0000,0.0000,0.0000
29.908,0.0000,0.0000,0.0000
29.928,0.0000,0.0000,0.0000
29.949,0.0000,0.0000,0.0000
29.968,0.0000,0.0000,0.0000
29.988,0.0000,0.0000,0.0000
30.009,0.0000,0.0000,0.0000
30.029,0.0000,0.0000,0.0000
30.048,0.0000,0.0000,0.0000
30.069,0.0000,0.0000,0.0000
30.088,0.0000,0.0000,0.0000
30.108,0.0000,0.0000,0.0000
30.129,0.0000,0.0000,0.0000
30.148,0.0000,0.0000,0.0000
30.168,0.0000,0.0000,0.0000
30.188,0.0000,0.0000,0.0000
30.208,0.0000,0.0000,0.0000
30.228,0.0000,0.0000,0.0000
30.249,0.0000,0.0000,0.0000
30.268,0.0000,0.0000,0.0000
30.288,0.0000,0.0000,0.0000
30.308,0.0000,0.0000,0.0000
30.328,0.0000,0.0000,0.0000
30.349,0.0000,0.0000,0.0000
30.368,0.0000,0.0000,0.0000
30.388,0.0000,0.0000,0.0000
30.408,0.0000,0.0000,0.0000
30.428,0.0000,0.0000,0.0000
30.448,0.0000,0.0000,0.0000
30.468,0.0000,0.0000,0.0000
30.488,0.0000,0.0000,0.0000
30.509,0.0000,0.0000,0.0000
30.528,0.0000,0.0000,0.0000
30.548,0.0000,0.0000,0.0000
30.569,0.0000,0.0000,0.0000
30.588,0.0000,0.0000,0.0000
30.609,0.0000,0.0000,0.0000
30.628,0.0000,0.0000,0.0000
30.648,0.0000,0.0000,0.0000
30.668,0.0000,0.0000,0.0000
30.688,0.0000,0.0000,0.0000
30.708,0.0000,0.0000,0.0000
30.729,0.0000,0.0000,0.0000
30.748,0.0000,0.0000,0.0000
30.769,0.0000,0.0000,0.0000
30.788,0.0000,0.0000,0.0000
30.808,0.0000,0.0000,0.0000
30.828,0.0000,0.0000,0.0000
30.848,0.0000,0.0000,0.0000
30.868,0.0000,0.0000,0.0000
30.888,0.0000,0.0000,0.0000
30.908,0.0000,0.0000,0.0000
30.928,0.0000,0.0000,0.0000
30.949,0.0000,0.0000,0.0000
30.968,0.0000,0.0000,0.0000
30.988,0.0000,0.0000,0.0000
31.008,0.0000,0.0000,0.0000
31.028,0.0000,0.0000,0.0000
31.048,0.0000,0.0000,0.0000
31.069,0.0000,0.0000,0.0000
31.088,0.0000,0.0000,0.0000
31.108,0.0000,0.0000,0.0000
31.128,0.0000,0.0000,0.0000
31.148,0.0000,0.0000,0.0000
31.168,0.0000,0.0000,0.0000
31.189,0.0000,0.0000,0.0000
31.208,0.0000,0.0000,0.0000
31.228,0.0000,0.0000,0.0000
31.248,0.0000,0.0000,0.0000
31.268,0.0000,0.0000,0.0000
31.288,0.0000,0.0000,0.0000
31.308,0.0000,0.0000,0.0000
31.328,0.0000,0.0000,0.0000
31.348,0.0000,0.0000,0.0000
31.368,0.0000,0.0000,0.0000
31.388,0.0000,0.0000,0.0000
31.408,0.0000,0.0000,0.0000
31.429,0.0000,0.0000,0.0000
31.448,0.0000,0.0000,0.0000
31.468,0.0000,0.0000,0.0000
31.488,0.0000,0.0000,0.0000
31.508,0.0000,0.0000,0.0000
31.528,0.0000,0.0000,0.0000
31.549,0.0000,0.0000,0.0000
31.568,0.0000,0.0000,0.0000
31.588,0.0000,0.0000,0.0000
31.608,0.0000,0.0000,0.0000
31.628,0.0000,0.0000,0.0000
31.651,0.0000,0.0000,0.0000
31.668,0.0000,0.0000,0.0000
31.688,0.0000,0.0000,0.0000
31.709,0.0000,0.0000,0.0000
31.728,0.0000,0.0000,0.0000
31.748,0.0000,0.0000,0.0000
31.768,0.0000,0.0000,0.0000
31.789,0.0000,0.0000,0.0000
31.808,0.0000,0.0000,0.0000
31.828,0.0000,0.0000,0.0000
31.848,0.0000,0.0000,0.0000
31.868,0.0000,0.0000,0.0000
31.888,0.0000,0.0000,0.0000
31.908,0.0000,0.0000,0.0000
31.928,0.0000,0.0000,0.0000
31.948,0.0000,0.0000,0.0000
31.968,0.0000,0.0000,0.0000
31.988,0.0000,0.0000,0.0000
32.008,0.0000,0.0000,0.0000
32.028,0.0000,0.0000,0.0000
32.048,0.0000,0.0000,0.0000
32.068,0.0000,0.0000,0.0000
32.089,0.0000,0.0000,0.0000
32.108,0.0000,0.0000,0.0000
32.128,0.0000,0.0000,0.0000
32.148,0.0000,0.0000,0.0000
32.168,0.0000,0.0000,0.0000
32.188,0.0000,0.0000,0.0000
32.208,0.0000,0.0000,0.0000
32.228,0.0000,0.0000,0.0000
32.248,0.0000,0.0000,0.0000
32.268,0.0000,0.0000,0.0000
32.288,0.0000,0.0000,0.0000
32.308,0.0000,0.0000,0.0000
32.328,0.0000,0.0000,0.0000
32.348,0.0000,0.0000,0.0000
32.368,0.0000,0.0000,0.0000
32.388,0.0000,0.0000,0.0000
32.408,0.0000,0.0000,0.0000
32.428,0.0000,0.0000,0.0000
32.448,0.0000,0.0000,0.0000
32.467,0.0000,0.0000,0.0000
32.487,0.0000,0.0000,0.0000
32.507,0.0000,0.0000,0.0000
32.528,0.0000,0.0000,0.0000
32.548,0.0000,0.0000,0.0000
32.568,0.0000,0.0000,0.0000
32.587,0.0000,0.0000,0.0000
32.607,0.0000,0.0000,0.0000
32.628,0.0000,0.0000,0.0000
32.648,0.0000,0.0000,0.0000
32.668,0.0000,0.0000,0.0000
32.688,0.0000,0.0000,0.0000
32.708,0.0000,0.0000,0.0000
32.727,0.0000,0.0000,0.0000
32.747,0.0000,0.0000,0.0000
32.768,0.0000,0.0000,0.0000
32.787,0.0000,0.0000,0.0000
32.807,0.0000,0.0000,0.0000
32.827,0.0000,0.0000,0.0000
32.848,0.0000,0.0000,0.0000
32.868,0.0000,0.0000,0.0000
32.888,0.0000,0.0000,0.0000
32.907,0.0000,0.0000,0.0000
32.929,0.0000,0.0000,0.0000
32.948,0.0000,0.0000,0.0000
32.967,0.0000,0.0000,0.0000
32.987,0.0000,0.0000,0.0000
33.007,0.0000,0.0000,0.0000
33.027,0.0000,0.0000,0.0000
33.047,0.0000,0.0000,0.0000
33.067,0.0000,0.0000,0.0000
33.088,0.0000,0.0000,0.0000
33.108,0.0000,0.0000,0.0000
33.128,0.0000,0.0000,0.0000
33.147,0.0000,0.0000,0.0000
33.167,0.0000,0.0000,0.0000
33.188,0.0000,0.0000,0.0000
33.207,0.0000,0.0000,0.0000
33.228,0.0000,0.0000,0.0000
33.247,0.0000,0.0000,0.0000
33.267,0.0000,0.0000,0.0000
33.287,0.0000,0.0000,0.0000
33.308,0.0000,0.0000,0.0000
33.329,0.0000,0.0000,0.0000
33.348,0.0000,0.0000,0.0000
33.367,0.0000,0.0000,0.0000
33.388,0.0000,0.0000,0.0000
33.407,0.0000,0.0000,0.0000
33.428,0.0000,0.0000,0.0000
33.447,0.0000,0.0000,0.0000
33.468,0.0000,0.0000,0.0000
33.487,0.0000,0.0000,0.0000
33.508,0.0000,0.0000,0.0000
33.527,0.0000,0.0000,0.0000
33.547,0.0000,0.0000,0.0000
33.567,0.0000,0.0000,0.0000
33.587,0.0000,0.0000,0.0000
33.607,0.0000,0.0000,0.0000
33.628,0.0000,0.0000,0.0000
33.649,0.0000,0.0000,0.0000
33.667,0.0000,0.0000,0.0000
33.687,0.0000,0.0000,0.0000
33.707,0.0000,0.0000,0.0000
33.729,0.0000,0.0000,0.0000
33.747,0.0000,0.0000,0.0000
33.767,0.0000,0.0000,0.0000
33.787,0.0000,0.0000,0.0000
33.807,0.0000,0.0000,0.0000
33.827,0.0000,0.0000,0.0000
33.847,0.0000,0.0000,0.0000
33.867,0.0000,0.0000,0.0000
33.887,0.0000,0.0000,0.0000
33.907,0.0000,0.0000,0.0000
33.927,0.0000,0.0000,0.0000
33.947,0.0000,0.0000,0.0000
33.967,0.0000,0.0000,0.0000
33.987,0.0000,0.0000,0.0000
34.007,0.0000,0.0000,0.0000
34.027,0.0000,0.0000,0.0000
34.047,0.0000,0.0000,0.0000
34.067,0.0000,0.0000,0.0000
34.087,0.0000,0.0000,0.0000
34.107,0.0000,0.0000,0.0000
34.127,0.0000,0.0000,0.0000
34.147,0.0000,0.0000,0.0000
34.167,0.0000,0.0000,0.0000
34.187,0.0000,0.0000,0.0000
34.207,0.0000,0.0000,0.0000
34.227,0.0000,0.0000,0.0000
34.247,0.0000,0.0000,0.0000
34.268,0.0000,0.0000,0.0000
34.287,0.0000,0.0000,0.0000
34.307,0.0000,0.0000,0.0000
34.327,0.0000,0.0000,0.0000
34.347,0.0000,0.0000,0.0000
34.367,0.0000,0.0000,0.0000
34.387,0.0000,0.0000,0.0000
34.407,0.0000,0.0000,0.0000
34.427,0.0000,0.0000,0.0000
34.447,0.0000,0.0000,0.0000
34.467,0.0000,0.0000,0.0000
34.487,0.0000,0.0000,0.0000
34.508,0.0000,0.0000,0.0000
34.528,0.0000,0.0000,0.0000
34.547,0.0000,0.0000,0.0000
34.567,0.0000,0.0000,0.0000
34.587,0.0000,0.0000,0.0000
34.607,0.0000,0.0000,0.0000
34.627,0.0000,0.0000,0.0000
34.647,0.0000,0.0000,0.0000
34.667,0.0000,0.0000,0.0000
34.687,0.0000,0.0000,0.0000
34.707,0.0000,0.0000,0.0000
34.728,0.0000,0.0000,0.0000
34.747,0.0000,0.0000,0.0000
34.767,0.0000,0.0000,0.0000
34.787,0.0000,0.0000,0.0000
34.807,0.0000,0.0000,0.0000
34.828,0.0000,0.0000,0.0000
34.847,0.0000,0.0000,0.0000
34.867,0.0000,0.0000,0.0000
34.887,0.0000,0.0000,0.0000
34.909,0.0000,0.0000,0.0000
34.927,0.0000,0.0000,0.0000
34.947,0.0000,0.0000,0.0000
34.968,0.0000,0.0000,0.0000
34.987,0.0000,0.0000,0.0000
35.007,0.0000,0.0000,0.0000
35.027,0.0000,0.0000,0.0000
35.047,0.0000,0.0000,0.0000
35.067,0.0000,0.0000,0.0000
35.087,0.0000,0.0000,0.0000
35.107,0.0000,0.0000,0.0000
35.127,0.0000,0.0000,0.0000
35.147,0.0000,0.0000,0.0000
35.167,0.0000,0.0000,0.0000
35.187,0.0000,0.0000,0.0000
35.207,0.0000,0.0000,0.0000
35.227,0.0000,0.0000,0.0000
35.247,0.0000,0.0000,0.0000
35.267,0.0000,0.0000,0.0000
35.287,0.0000,0.0000,0.0000
35.308,0.0000,0.0000,0.0000
35.327,0.0000,0.0000,0.0000
35.347,0.0000,0.0000,0.0000
35.367,0.0000,0.0000,0.0000
35.387,0.0000,0.0000,0.0000
35.407,0.0000,0.0000,0.0000
35.427,0.0000,0.0000,0.0000
35.447,0.0000,0.0000,0.0000
35.467,0.0000,0.0000,0.0000
35.487,0.0000,0.0000,0.0000
35.507,0.0000,0.0000,0.0000
35.527,0.0000,0.0000,0.0000
35.547,0.0000,0.0000,0.0000
35.569,0.0000,0.0000,0.0000
35.587,0.0000,0.0000,0.0000
35.607,0.0000,0.0000,0.0000
35.627,0.0000,0.0000,0.0000
35.647,0.0000,0.0000,0.0000
35.667,0.0000,0.0000,0.0000
35.687,0.0000,0.0000,0.0000
35.707,0.0000,0.0000,0.0000
35.727,0.0000,0.0000,0.0000
35.747,0.0000,0.0000,0.0000
35.767,0.0000,0.0000,0.0000
35.787,0.0000,0.0000,0.0000
35.807,0.0000,0.0000,0.0000
35.827,0.0000,0.0000,0.0000
35.847,0.0000,0.0000,0.0000
35.867,0.0000,0.0000,0.0000
35.887,0.0000,0.0000,0.0000
35.907,0.0000,0.0000,0.0000
35.926,0.0000,0.0000,0.0000
35.947,0.0000,0.0000,0.0000
35.967,0.0000,0.0000,0.0000
35.988,0.0000,0.0000,0.0000
36.007,0.0000,0.0000,0.0000
36.027,0.0000,0.0000,0.0000
36.047,0.0000,0.0000,0.0000
36.066,0.0000,0.0000,0.0000
36.087,0.0000,0.0000,0.0000
36.106,0.0000,0.0000,0.0000
36.126,0.0000,0.0000,0.0000
36.147,0.0000,0.0000,0.0000
36.166,0.0000,0.0000,0.0000
36.187,0.0000,0.0000,0.0000
36.207,0.0000,0.0000,0.0000
36.226,0.0000,0.0000,0.0000
36.246,0.0000,0.0000,0.0000
36.267,0.0000,0.0000,0.0000
36.287,0.0000,0.0000,0.0000
36.306,0.0000,0.0000,0.0000
36.326,0.0000,0.0000,0.0000
36.347,0.0000,0.0000,0.0000
36.366,0.0000,0.0000,0.0000
36.386,0.0000,0.0000,0.0000
36.407,0.0000,0.0000,0.0000
36.427,0.0000,0.0000,0.0000
36.447,0.0000,0.0000,0.0000
36.466,0.0000,0.0000,0.0000
36.487,0.0000,0.0000,0.0000
36.506,0.0000,0.0000,0.0000
36.526,0.0000,0.0000,0.0000
36.546,0.0000,0.0000,0.0000
36.566,0.0000,0.0000,0.0000
36.587,0.0000,0.0000,0.0000
36.607,0.0000,0.0000,0.0000
36.627,0.0000,0.0000,0.0000
36.646,0.0000,0.0000,0.0000
36.666,0.0000,0.0000,0.0000
36.686,0.0000,0.0000,0.0000
36.706,0.0000,0.0000,0.0000
36.726,0.0000,0.0000,0.0000
36.747,0.0000,0.0000,0.0000
36.766,0.0000,0.0000,0.0000
36.787,0.0000,0.0000,0.0000
36.806,0.0000,0.0000,0.0000
36.827,0.0000,0.0000,0.0000
36.847,0.0000,0.0000,0.0000
36.866,0.0000,0.0000,0.0000
36.887,0.0000,0.0000,0.0000
36.906,0.0000,0.0000,0.0000
36.926,0.0000,0.0000,0.0000
36.947,0.0000,0.0000,0.0000
36.966,0.0000,0.0000,0.0000
36.986,0.0000,0.0000,0.0000
37.006,0.0000,0.0000,0.0000
37.027,0.0000,0.0000,0.0000
37.046,0.0000,0.0000,0.0000
37.066,0.0000,0.0000,0.0000
37.086,0.0000,0.0000,0.0000
37.106,0.0000,0.0000,0.0000
37.126,0.0000,0.0000,0.0000
37.146,0.0000,0.0000,0.0000
37.166,0.0000,0.0000,0.0000
37.187,0.0000,0.0000,0.0000
37.206,0.0000,0.0000,0.0000
37.226,0.0000,0.0000,0.0000
37.247,0.0000,0.0000,0.0000
37.266,0.0000,0.0000,0.0000
37.287,0.0000,0.0000,0.0000
37.306,0.0000,0.0000,0.0000
37.326,0.0000,0.0000,0.0000
37.346,0.0000,0.0000,0.0000
37.366,0.0000,0.0000,0.0000
37.386,0.0000,0.0000,0.0000
37.406,0.0000,0.0000,0.0000
37.427,0.0000,0.0000,0.0000
37.447,0.0000,0.0000,0.0000
37.466,0.0000,0.0000,0.0000
37.486,0.0000,0.0000,0.0000
37.506,0.0000,0.0000,0.0000
37.527,0.0000,0.0000,0.0000
37.546,0.0000,0.0000,0.0000
37.566,0.0000,0.0000,0.0000
37.586,0.0000,0.0000,0.0000
37.607,0.0000,0.0000,0.0000
37.626,0.0000,0.0000,0.0000
37.646,0.0000,0.0000,0.0000
37.666,0.0000,0.0000,0.0000
37.686,0.0000,0.0000,0.0000
37.706,0.0000,0.0000,0.0000
37.726,0.0000,0.0000,0.0000
37.746,0.0000,0.0000,0.0000
37.766,0.0000,0.0000,0.0000
37.786,0.0000,0.0000,0.0000
37.806,0.0000,0.0000,0.0000
37.826,0.0000,0.0000,0.0000
37.847,0.0000,0.0000,0.0000
37.867,0.0000,0.0000,0.0000
37.886,0.0000,0.0000,0.0000
37.906,0.0000,0.0000,0.0000
37.926,0.0000,0.0000,0.0000
37.946,0.0000,0.0000,0.0000
37.966,0.0000,0.0000,0.0000
37.986,0.0000,0.0000,0.0000
38.007,0.0000,0.0000,0.0000
38.026,0.0000,0.0000,0.0000
38.047,0.0000,0.0000,0.0000
38.067,0.0000,0.0000,0.0000
38.086,0.0000,0.0000,0.0000
38.106,0.0000,0.0000,0.0000
38.126,0.0000,0.0000,0.0000
38.146,0.0000,0.0000,0.0000
38.166,0.0000,0.0000,0.0000
38.186,0.0000,0.0000,0.0000
38.206,0.0000,0.0000,0.0000
38.226,0.0000,0.0000,0.0000
38.246,0.0000,0.0000,0.0000
38.266,0.0000,0.0000,0.0000
38.286,0.0000,0.0000,0.0000
38.306,0.0000,0.0000,0.0000
38.326,0.0000,0.0000,0.0000
38.346,0.0000,0.0000,0.0000
38.366,0.0000,0.0000,0.0000
38.387,0.0000,0.0000,0.0000
38.406,0.0000,0.0000,0.0000
38.426,0.0000,0.0000,0.0000
38.448,0.0000,0.0000,0.0000
38.466,0.0000,0.0000,0.0000
38.486,0.0000,0.0000,0.0000
38.506,0.0000,0.0000,0.0000
38.526,0.0000,0.0000,0.0000
38.547,0.0000,0.0000,0.0000
38.566,0.0000,0.0000,0.0000
38.586,0.0000,0.0000,0.0000
38.606,0.0000,0.0000,0.0000
38.626,0.0000,0.0000,0.0000
38.646,0.0000,0.0000,0.0000
38.666,0.0000,0.0000,0.0000
38.686,0.0000,0.0000,0.0000
38.706,0.0000,0.0000,0.0000
38.726,0.0000,0.0000,0.0000
38.746,0.0000,0.0000,0.0000
38.766,0.0000,0.0000,0.0000
38.786,0.0000,0.0000,0.0000
38.806,0.0000,0.0000,0.0000
38.827,0.0000,0.0000,0.0000
38.846,0.0000,0.0000,0.0000
38.866,0.0000,0.0000,0.0000
38.886,0.0000,0.0000,0.0000
38.906,0.0000,0.0000,0.0000
38.927,0.0000,0.0000,0.0000
38.947,0.0000,0.0000,0.0000
38.966,0.0000,0.0000,0.0000
38.986,0.0000,0.0000,0.0000
39.006,0.0000,0.0000,0.0000
39.026,0.0000,0.0000,0.0000
39.046,0.0000,0.0000,0.0000
39.066,0.0000,0.0000,0.0000
39.086,0.0000,0.0000,0.0000
39.106,0.0000,0.0000,0.0000
39.126,0.0000,0.0000,0.0000
39.146,0.0000,0.0000,0.0000
39.166,0.0000,0.0000,0.0000
39.186,0.0000,0.0000,0.0000
39.206,0.0000,0.0000,0.0000
39.226,0.0000,0.0000,0.0000
39.246,0.0000,0.0000,0.0000
39.266,0.0000,0.0000,0.0000
39.286,0.0000,0.0000,0.0000
39.306,0.0000,0.0000,0.0000
39.326,0.0000,0.0000,0.0000
39.346,0.0000,0.0000,0.0000
39.366,0.0000,0.0000,0.0000
39.386,0.0000,0.0000,0.0000
39.406,0.0000,0.0000,0.0000
39.426,0.0000,0.0000,0.0000
39.446,0.0000,0.0000,0.0000
39.466,0.0000,0.0000,0.0000
39.486,0.0000,0.0000,0.0000
39.506,0.0000,0.0000,0.0000
39.526,0.0000,0.0000,0.0000
39.548,0.0000,0.0000,0.0000
39.566,0.0000,0.0000,0.0000
39.586,0.0000,0.0000,0.0000
39.606,0.0000,0.0000,0.0000
39.626,0.0000,0.0000,0.0000
39.646,0.0000,0.0000,0.0000
39.666,0.0000,0.0000,0.0000
39.686,0.0000,0.0000,0.0000
39.706,0.0000,0.0000,0.0000
39.726,0.0000,0.0000,0.0000
39.746,0.0000,0.0000,0.0000
39.765,0.0000,0.0000,0.0000
39.785,0.0000,0.0000,0.0000
39.806,0.0000,0.0000,0.0000
39.825,0.0000,0.0000,0.0000
39.847,0.0000,0.0000,0.0000
39.865,0.0000,0.0000,0.0000
39.886,0.0000,0.0000,0.0000
39.906,0.0000,0.0000,0.0000
39.925,0.0000,0.0000,0.0000
39.947,0.0000,0.0000,0.0000
39.965,0.0000,0.0000,0.0000
39.985,0.0000,0.0000,0.0000
40.006,0.0000,0.0000,0.0000
40.026,0.0000,0.0000,0.0000
40.045,0.0000,0.0000,0.0000
40.065,0.0000,0.0000,0.0000
40.086,0.0000,0.0000,0.0000
40.105,0.0000,0.0000,0.0000
40.126,0.0000,0.0000,0.0000
40.145,0.0000,0.0000,0.0000
40.166,0.0000,0.0000,0.0000
40.186,0.0000,0.0000,0.0000
40.205,0.0000,0.0000,0.0000
40.226,0.0000,0.0000,0.0000
40.246,0.0000,0.0000,0.0000
40.265,0.0000,0.0000,0.0000
40.286,0.0000,0.0000,0.0000
40.305,0.0000,0.0000,0.0000
40.325,0.0000,0.0000,0.0000
40.346,0.0000,0.0000,0.0000
40.365,0.0000,0.0000,0.0000
40.385,0.0000,0.0000,0.0000
40.405,0.0000,0.0000,0.0000
40.426,0.0000,0.0000,0.0000
40.445,0.0000,0.0000,0.0000
40.465,0.0000,0.0000,0.0000
40.486,0.0000,0.0000,0.0000
40.506,0.0000,0.0000,0.0000
40.525,0.0000,0.0000,0.0000
40.546,0.0000,0.0000,0.0000
40.565,0.0000,0.0000,0.0000
40.585,0.0000,0.0000,0.0000
40.605,0.0000,0.0000,0.0000
40.625,0.0000,0.0000,0.0000
40.645,0.0000,0.0000,0.0000
40.665,0.0000,0.0000,0.0000
40.685,0.0000,0.0000,0.0000
40.705,0.0000,0.0000,0.0000
40.725,0.0000,0.0000,0.0000
40.746,0.0000,0.0000,0.0000
40.765,0.0000,0.0000,0.0000
40.785,0.0000,0.0000,0.0000
40.806,0.0000,0.0000,0.0000
40.827,0.0000,0.0000,0.0000
40.845,0.0000,0.0000,0.0000
40.865,0.0030,-0.0001,0.0005
40.885,0.0087,0.0005,0.0021
40.905,0.0159,0.0016,0.0044
40.925,0.0238,0.0030,0.0060
40.945,0.0324,0.0041,0.0065
40.966,0.0416,0.0050,0.0080
40.985,0.0514,0.0055,0.0098
41.005,0.0616,0.0057,0.0101
41.025,0.0723,0.0056,0.0107
41.045,0.0839,0.0054,0.0087
41.065,0.0952,0.0053,0.0091
41.085,0.1064,0.0050,0.0097
41.106,0.1175,0.0045,0.0101
41.126,0.1283,0.0035,0.0122
41.145,0.1390,0.0026,0.0134
41.165,0.1497,0.0018,0.0149
41.185,0.1606,0.0012,0.0161
41.205,0.1724,0.0005,0.0177
41.225,0.1837,0.0001,0.0203
41.245,0.1955,0.0002,0.0198
41.265,0.2073,0.0005,0.0195
41.285,0.2192,0.0005,0.0203
41.305,0.2313,0.0008,0.0216
41.325,0.2436,0.0010,0.0235
41.345,0.2560,0.0012,0.0241
41.365,0.2677,0.0015,0.0256
41.385,0.2798,0.0014,0.0279
41.405,0.2918,0.0014,0.0267
41.425,0.3039,0.0012,0.0290
41.445,0.3164,0.0018,0.0296
41.465,0.3284,0.0018,0.0307
41.485,0.3409,0.0019,0.0305
41.505,0.3531,0.0022,0.0312
41.525,0.3651,0.0024,0.0321
41.545,0.3771,0.0025,0.0348
41.565,0.3893,0.0025,0.0364
41.585,0.4015,0.0025,0.0380
41.605,0.4140,0.0027,0.0388
41.625,0.4262,0.0033,0.0407
41.645,0.4381,0.0041,0.0399
41.665,0.4506,0.0049,0.0387
41.685,0.4633,0.0053,0.0405
41.705,0.4756,0.0055,0.0415
41.725,0.4880,0.0059,0.0430
41.745,0.5000,0.0061,0.0453
41.765,0.5124,0.0066,0.0471
41.785,0.5244,0.0068,0.0490
41.805,0.5367,0.0071,0.0505
41.825,0.5489,0.0073,0.0517
41.845,0.5608,0.0076,0.0521
41.865,0.5732,0.0081,0.0525
41.885,0.5855,0.0085,0.0530
41.905,0.5973,0.0089,0.0546
41.925,0.6094,0.0096,0.0550
41.945,0.6217,0.0099,0.0570
41.965,0.6337,0.0104,0.0563
41.985,0.6460,0.0107,0.0590
42.005,0.6582,0.0113,0.0605
42.025,0.6701,0.0120,0.0621
42.045,0.6824,0.0130,0.0614
42.065,0.6948,0.0141,0.0608
42.085,0.7072,0.0147,0.0634
42.105,0.7193,0.0155,0.0639
42.125,0.7315,0.0160,0.0648
42.145,0.7434,0.0164,0.0656
42.165,0.7554,0.0170,0.0671
42.185,0.7675,0.0175,0.0683
42.205,0.7798,0.0181,0.0681
42.225,0.7918,0.0185,0.0693
42.245,0.8037,0.0189,0.0709
42.265,0.8158,0.0196,0.0727
42.285,0.8279,0.0203,0.0738
42.305,0.8402,0.0211,0.0727
42.325,0.8525,0.0222,0.0726
42.345,0.8647,0.0228,0.0743
42.365,0.8771,0.0234,0.0764
42.385,0.8895,0.0243,0.0775
42.405,0.9015,0.0255,0.0783
42.427,0.9138,0.0262,0.0806
42.445,0.9250,0.0270,0.0820
42.465,0.9352,0.0276,0.0838
42.485,0.9445,0.0281,0.0865
42.505,0.9531,0.0284,0.0885
42.525,0.9614,0.0286,0.0901
42.545,0.9692,0.0286,0.0913
42.565,0.9764,0.0285,0.0929
42.585,0.9830,0.0279,0.0946
42.605,0.9891,0.0272,0.0968
42.625,0.9946,0.0266,0.0976
42.646,0.9995,0.0261,0.0989
42.665,1.0037,0.0255,0.1008
42.685,1.0072,0.0245,0.1022
42.705,1.0104,0.0234,0.1035
42.725,1.0133,0.0222,0.1047
42.745,1.0159,0.0209,0.1062
42.765,1.0181,0.0195,0.1075
42.785,1.0199,0.0182,0.1080
42.805,1.0214,0.0171,0.1075
42.825,1.0224,0.0163,0.1069
42.845,1.0230,0.0157,0.1062
42.865,1.0235,0.0154,0.1058
42.885,1.0237,0.0152,0.1062
42.905,1.0237,0.0152,0.1065
42.925,1.0237,0.0152,0.1065
42.946,1.0237,0.0152,0.1065
42.965,1.0237,0.0152,0.1065
42.985,1.0237,0.0152,0.1065
43.006,1.0237,0.0152,0.1065
43.025,1.0237,0.0152,0.1065
43.045,1.0237,0.0152,0.1065
43.065,1.0237,0.0152,0.1065
43.085,1.0237,0.0152,0.1065
43.105,1.0237,0.0152,0.1065
43.125,1.0237,0.0152,0.1065
43.145,1.0237,0.0152,0.1065
43.165,1.0237,0.0152,0.1065
43.188,1.0237,0.0152,0.1065
43.205,1.0237,0.0152,0.1065
43.225,1.0237,0.0152,0.1065
43.245,1.0237,0.0152,0.1065
43.265,1.0237,0.0152,0.1065
43.285,1.0237,0.0152,0.1065
43.305,1.0237,0.0152,0.1065
43.325,1.0237,0.0152,0.1065
43.345,1.0237,0.0152,0.1065
43.366,1.0237,0.0152,0.1065
43.385,1.0237,0.0152,0.1065
43.405,1.0237,0.0152,0.1065
43.425,1.0237,0.0152,0.1065
43.445,1.0237,0.0152,0.1065
43.465,1.0237,0.0152,0.1065
43.485,1.0237,0.0152,0.1065
43.505,1.0237,0.0152,0.1065
43.525,1.0237,0.0152,0.1065
43.545,1.0237,0.0152,0.1065
43.564,1.0237,0.0152,0.1065
43.585,1.0237,0.0152,0.1065
43.605,1.0237,0.0152,0.1065
43.625,1.0237,0.0152,0.1065
43.645,1.0237,0.0152,0.1065
43.665,1.0237,0.0152,0.1065
43.685,1.0237,0.0152,0.1065
43.705,1.0237,0.0152,0.1065
43.724,1.0237,0.0152,0.1065
43.745,1.0237,0.0152,0.1065
43.764,1.0237,0.0152,0.1065
43.785,1.0237,0.0152,0.1065
43.806,1.0237,0.0152,0.1065
43.825,1.0237,0.0152,0.1065
43.844,1.0237,0.0152,0.1065
43.865,1.0237,0.0152,0.1065
43.884,1.0237,0.0152,0.1065
43.904,1.0237,0.0152,0.1065
43.925,1.0237,0.0152,0.1065
43.944,1.0237,0.0152,0.1065
43.965,1.0237,0.0152,0.1065
43.984,1.0237,0.0152,0.1065
44.006,1.0237,0.0152,0.1065
44.025,1.0237,0.0152,0.1065
44.045,1.0237,0.0152,0.1065
44.065,1.0237,0.0152,0.1065
44.084,1.0237,0.0152,0.1065
44.105,1.0237,0.0152,0.1065
44.124,1.0237,0.0152,0.1065
44.144,1.0237,0.0152,0.1065
44.165,1.0237,0.0152,0.1065
44.184,1.0237,0.0152,0.1065
44.205,1.0237,0.0152,0.1065
44.224,1.0237,0.0152,0.1065
44.244,1.0237,0.0152,0.1065
44.265,1.0237,0.0152,0.1065
44.284,1.0237,0.0152,0.1065
44.305,1.0237,0.0152,0.1065
44.325,1.0237,0.0152,0.1065
44.344,1.0237,0.0152,0.1065
44.365,1.0237,0.0152,0.1065
44.384,1.0237,0.0152,0.1065
44.405,1.0237,0.0152,0.1065
44.424,1.0237,0.0152,0.1065
44.445,1.0237,0.0152,0.1065
44.465,1.0237,0.0152,0.1065
44.484,1.0237,0.0152,0.1065
44.505,1.0237,0.0152,0.1065
44.525,1.0237,0.0152,0.1065
44.544,1.0237,0.0152,0.1065
44.564,1.0237,0.0152,0.1065
44.584,1.0237,0.0152,0.1065
44.605,1.0237,0.0152,0.1065
44.624,1.0237,0.0152,0.1065
44.645,1.0237,0.0152,0.1065
44.665,1.0237,0.0152,0.1065
44.684,1.0237,0.0152,0.1065
44.708,1.0237,0.0152,0.1065
44.725,1.0237,0.0152,0.1065
44.744,1.0237,0.0152,0.1065
44.764,1.0237,0.0152,0.1065
44.784,1.0237,0.0152,0.1065
44.805,1.0237,0.0152,0.1065
44.824,1.0237,0.0152,0.1065
44.844,1.0237,0.0152,0.1065
44.865,1.0237,0.0152,0.1065
44.884,1.0237,0.0152,0.1065
44.905,1.0237,0.0152,0.1065
44.925,1.0237,0.0152,0.1065
44.944,1.0237,0.0152,0.1065
44.964,1.0237,0.0152,0.1065
44.984,1.0237,0.0152,0.1065
45.005,1.0237,0.0152,0.1065
45.024,1.0237,0.0152,0.1065
45.044,1.0237,0.0152,0.1065
45.065,1.0237,0.0152,0.1065
45.084,1.0237,0.0152,0.1065
45.104,1.0237,0.0152,0.1065
45.124,1.0237,0.0152,0.1065
45.144,1.0237,0.0152,0.1065
45.164,1.0237,0.0152,0.1065
45.184,1.0237,0.0152,0.1065
45.204,1.0237,0.0152,0.1065
45.224,1.0237,0.0152,0.1065
45.244,1.0237,0.0152,0.1065
45.264,1.0237,0.0152,0.1065
45.284,1.0237,0.0152,0.1065
45.304,1.0237,0.0152,0.1065
45.324,1.0237,0.0152,0.1065
45.344,1.0237,0.0152,0.1065
45.364,1.0237,0.0152,0.1065
45.385,1.0237,0.0152,0.1065
45.404,1.0237,0.0152,0.1065
45.424,1.0237,0.0152,0.1065
45.444,1.0213,0.0150,0.1065
45.465,1.0170,0.0143,0.1065
45.484,1.0121,0.0129,0.1074
45.505,1.0066,0.0113,0.1076
45.525,1.0003,0.0095,0.1076
45.544,0.9933,0.0077,0.1079
45.564,0.9859,0.0063,0.1086
45.585,0.9779,0.0052,0.1089
45.604,0.9694,0.0038,0.1108
45.624,0.9606,0.0026,0.1106
45.645,0.9513,0.0014,0.1102
45.666,0.9415,0.0000,0.1087
45.684,0.9315,-0.0016,0.1091
45.704,0.9216,-0.0030,0.1086
45.725,0.9117,-0.0044,0.1091
45.745,0.9014,-0.0054,0.1094
45.764,0.8917,-0.0060,0.1081
45.786,0.8820,-0.0068,0.1079
45.804,0.8717,-0.0076,0.1059
45.824,0.8615,-0.0085,0.1059
45.844,0.8517,-0.0096,0.1056
45.864,0.8415,-0.0103,0.1035
45.884,0.8307,-0.0115,0.1033
45.904,0.8209,-0.0130,0.1011
45.924,0.8110,-0.0144,0.1014
45.944,0.8004,-0.0153,0.0998
45.964,0.7898,-0.0165,0.0963
45.985,0.7792,-0.0181,0.0952
46.004,0.7689,-0.0196,0.0949
46.024,0.7582,-0.0209,0.0939
46.044,0.7480,-0.0226,0.0956
46.064,0.7372,-0.0240,0.0938
46.084,0.7264,-0.0257,0.0952
46.104,0.7158,-0.0272,0.0934
46.125,0.7052,-0.0285,0.0914
46.145,0.6945,-0.0298,0.0913
46.164,0.6840,-0.0307,0.0918
46.184,0.6737,-0.0316,0.0904
46.204,0.6632,-0.0327,0.0883
46.224,0.6524,-0.0337,0.0879
46.244,0.6422,-0.0351,0.0887
46.264,0.6314,-0.0362,0.0869
46.285,0.6206,-0.0372,0.0870
46.304,0.6103,-0.0387,0.0859
46.324,0.5998,-0.0399,0.0842
46.344,0.5892,-0.0407,0.0826
46.364,0.5788,-0.0419,0.0818
46.384,0.5682,-0.0432,0.0785
46.404,0.5576,-0.0443,0.0786
46.424,0.5471,-0.0453,0.0786
46.444,0.5364,-0.0464,0.0774
46.464,0.5259,-0.0475,0.0745
46.484,0.5153,-0.0485,0.0732
46.505,0.5051,-0.0497,0.0732
46.524,0.4948,-0.0504,0.0698
46.544,0.4844,-0.0509,0.0672
46.564,0.4742,-0.0515,0.0666
46.584,0.4642,-0.0522,0.0655
46.604,0.4550,-0.0530,0.0634
46.624,0.4465,-0.0535,0.0624
46.644,0.4385,-0.0540,0.0624
46.664,0.4311,-0.0545,0.0618
46.684,0.4241,-0.0551,0.0607
46.704,0.4179,-0.0561,0.0601
46.724,0.4123,-0.0572,0.0598
46.744,0.4072,-0.0581,0.0592
46.764,0.4030,-0.0587,0.0589
46.786,0.3997,-0.0593,0.0578
46.805,0.3968,-0.0601,0.0566
46.824,0.3942,-0.0608,0.0554
46.844,0.3921,-0.0615,0.0537
46.864,0.3904,-0.0622,0.0522
46.884,0.3893,-0.0629,0.0504
46.904,0.3886,-0.0637,0.0485
46.924,0.3881,-0.0642,0.0476
46.944,0.3878,-0.0645,0.0474
46.964,0.3877,-0.0646,0.0477
46.985,0.3877,-0.0647,0.0480
47.006,0.3877,-0.0646,0.0479
47.024,0.3877,-0.0646,0.0479
47.044,0.3877,-0.0646,0.0479
47.064,0.3877,-0.0646,0.0479
47.084,0.3877,-0.0646,0.0479
47.104,0.3878,-0.0619,0.0479
47.124,0.3878,-0.0565,0.0480
47.144,0.3875,-0.0496,0.0484
47.165,0.3869,-0.0423,0.0492
47.184,0.3862,-0.0343,0.0487
47.204,0.3856,-0.0256,0.0460
47.224,0.3856,-0.0165,0.0421
47.244,0.3858,-0.0072,0.0394
47.264,0.3860,0.0025,0.0354
47.285,0.3861,0.0125,0.0340
47.304,0.3863,0.0227,0.0319
47.324,0.3863,0.0327,0.0300
47.344,0.3863,0.0430,0.0273
47.364,0.3869,0.0537,0.0236
47.384,0.3877,0.0645,0.0242
47.404,0.3881,0.0752,0.0248
47.424,0.3884,0.0861,0.0229
47.444,0.3896,0.0973,0.0216
47.464,0.3902,0.1087,0.0214
47.484,0.3911,0.1197,0.0192
47.504,0.3917,0.1312,0.0174
47.524,0.3925,0.1425,0.0177
47.543,0.3935,0.1536,0.0171
47.563,0.3947,0.1644,0.0152
47.583,0.3951,0.1755,0.0150
47.604,0.3957,0.1864,0.0122
47.624,0.3966,0.1974,0.0104
47.644,0.3973,0.2089,0.0103
47.664,0.3981,0.2208,0.0100
47.684,0.3990,0.2318,0.0097
47.704,0.3995,0.2430,0.0102
47.724,0.3995,0.2544,0.0122
47.744,0.4004,0.2657,0.0131
47.764,0.4006,0.2768,0.0140
47.784,0.3999,0.2880,0.0145
47.804,0.3991,0.2991,0.0152
47.824,0.3990,0.3106,0.0160
47.844,0.3995,0.3224,0.0176
47.864,0.3997,0.3336,0.0184
47.884,0.4002,0.3451,0.0170
47.903,0.4005,0.3564,0.0155
47.924,0.4007,0.3674,0.0150
47.945,0.4013,0.3782,0.0165
47.964,0.4021,0.3893,0.0152
47.983,0.4027,0.4003,0.0149
48.003,0.4034,0.4110,0.0141
48.024,0.4042,0.4224,0.0134
48.045,0.4045,0.4336,0.0144
48.063,0.4041,0.4444,0.0146
48.084,0.4038,0.4543,0.0138
48.104,0.4034,0.4633,0.0135
48.124,0.4028,0.4715,0.0138
48.143,0.4019,0.4791,0.0138
48.163,0.4010,0.4862,0.0133
48.183,0.4000,0.4932,0.0133
48.203,0.3989,0.4996,0.0139
48.224,0.3976,0.5054,0.0149
48.245,0.3958,0.5103,0.0151
48.263,0.3939,0.5145,0.0154
48.283,0.3919,0.5184,0.0160
48.303,0.3900,0.5219,0.0170
48.324,0.3884,0.5250,0.0186
48.344,0.3870,0.5274,0.0192
48.364,0.3857,0.5295,0.0197
48.383,0.3845,0.5310,0.0202
48.403,0.3834,0.5321,0.0205
48.424,0.3826,0.5330,0.0208
48.443,0.3821,0.5334,0.0205
48.463,0.3819,0.5336,0.0200
48.483,0.3819,0.5336,0.0198
48.503,0.3819,0.5335,0.0195
48.523,0.3819,0.5335,0.0195
48.544,0.3819,0.5335,0.0195
48.564,0.3819,0.5335,0.0195
48.583,0.3819,0.5335,0.0195
48.603,0.3819,0.5335,0.0195
48.623,0.3819,0.5335,0.0195
48.643,0.3819,0.5335,0.0195
48.663,0.3819,0.5335,0.0195
48.683,0.3819,0.5335,0.0195
48.703,0.3819,0.5335,0.0195
48.723,0.3819,0.5335,0.0195
48.743,0.3819,0.5335,0.0195
48.763,0.3819,0.5335,0.0195
48.783,0.3819,0.5335,0.0195
48.803,0.3819,0.5335,0.0195
48.823,0.3819,0.5335,0.0195
48.844,0.3819,0.5335,0.0195
48.865,0.3819,0.5335,0.0195
48.883,0.3819,0.5335,0.0195
48.903,0.3819,0.5335,0.0195
48.923,0.3819,0.5335,0.0195
48.944,0.3819,0.5335,0.0195
48.964,0.3819,0.5335,0.0195
48.983,0.3829,0.5333,0.0197
49.003,0.3847,0.5327,0.0197
49.023,0.3864,0.5326,0.0198
49.043,0.3883,0.5327,0.0197
49.063,0.3911,0.5327,0.0199
49.083,0.3945,0.5329,0.0203
49.104,0.3984,0.5332,0.0209
49.123,0.4029,0.5334,0.0214
49.143,0.4079,0.5337,0.0225
49.163,0.4132,0.5340,0.0232
49.183,0.4186,0.5341,0.0242
49.203,0.4240,0.5336,0.0245
49.223,0.4295,0.5330,0.0241
49.244,0.4353,0.5324,0.0253
49.263,0.4413,0.5317,0.0258
49.283,0.4476,0.5310,0.0272
49.304,0.4540,0.5306,0.0269
49.323,0.4603,0.5303,0.0272
49.344,0.4669,0.5299,0.0291
49.363,0.4735,0.5295,0.0305
49.383,0.4804,0.5292,0.0322
49.403,0.4875,0.5289,0.0337
49.424,0.4953,0.5285,0.0344
49.444,0.5035,0.5284,0.0344
49.463,0.5121,0.5284,0.0358
49.483,0.5212,0.5283,0.0347
49.504,0.5308,0.5284,0.0350
49.523,0.5400,0.5286,0.0339
49.543,0.5493,0.5283,0.0340
49.564,0.5584,0.5279,0.0343
49.583,0.5674,0.5273,0.0351
49.603,0.5762,0.5265,0.0362
49.624,0.5852,0.5258,0.0383
49.643,0.5947,0.5255,0.0394
49.663,0.6044,0.5252,0.0401
49.683,0.6138,0.5249,0.0404
49.703,0.6236,0.5244,0.0415
49.723,0.6334,0.5244,0.0435
49.744,0.6436,0.5248,0.0440
49.764,0.6534,0.5249,0.0463
49.783,0.6631,0.5250,0.0485
49.803,0.6727,0.5251,0.0489
49.823,0.6823,0.5253,0.0478
49.843,0.6920,0.5255,0.0477
49.863,0.7015,0.5257,0.0490
49.883,0.7101,0.5260,0.0500
49.904,0.7177,0.5263,0.0500
49.923,0.7250,0.5265,0.0496
49.944,0.7320,0.5266,0.0499
49.964,0.7385,0.5264,0.0504
49.983,0.7446,0.5260,0.0514
50.003,0.7501,0.5257,0.0519
50.023,0.7552,0.5254,0.0510
50.043,0.7597,0.5252,0.0507
50.064,0.7635,0.5248,0.0512
50.085,0.7667,0.5242,0.0511
50.103,0.7693,0.5238,0.0507
50.123,0.7713,0.5233,0.0505
50.143,0.7730,0.5228,0.0501
50.164,0.7741,0.5223,0.0496
50.183,0.7746,0.5218,0.0500
50.203,0.7749,0.5216,0.0505
50.223,0.7749,0.5216,0.0509
50.244,0.7749,0.5216,0.0509
50.263,0.7748,0.5217,0.0506
50.283,0.7748,0.5216,0.0507
50.303,0.7748,0.5216,0.0507
50.323,0.7748,0.5216,0.0507
50.344,0.7748,0.5216,0.0507
50.365,0.7748,0.5216,0.0507
50.383,0.7748,0.5216,0.0507
50.403,0.7748,0.5216,0.0507
50.423,0.7748,0.5216,0.0507
50.443,0.7748,0.5216,0.0507
50.463,0.7748,0.5216,0.0507
50.483,0.7748,0.5216,0.0507
50.503,0.7748,0.5216,0.0507
50.523,0.7748,0.5216,0.0507
50.544,0.7748,0.5216,0.0507
50.563,0.7748,0.5216,0.0507
50.584,0.7748,0.5216,0.0507
50.603,0.7748,0.5216,0.0507
50.623,0.7748,0.5216,0.0507
50.644,0.7748,0.5216,0.0507
50.663,0.7748,0.5216,0.0507
50.683,0.7748,0.5216,0.0507
50.703,0.7746,0.5216,0.0453
50.723,0.7741,0.5216,0.0324
50.744,0.7737,0.5216,0.0161
50.764,0.7737,0.5215,-0.0098
50.783,0.7735,0.5214,-0.0464
50.803,0.7737,0.5212,-0.0897
50.824,0.7737,0.5212,-0.1379
50.843,0.7736,0.5211,-0.1905
50.863,0.7737,0.5206,-0.2434
50.883,0.7735,0.5204,-0.2976
50.903,0.7735,0.5202,-0.3525
50.923,0.7736,0.5202,-0.4077
50.943,0.7738,0.5202,-0.4621
50.963,0.7737,0.5201,-0.5169
50.983,0.7737,0.5200,-0.5721
51.003,0.7736,0.5201,-0.6282
51.023,0.7736,0.5204,-0.6857
51.043,0.7735,0.5205,-0.7430
51.063,0.7723,0.5192,-0.7967
51.083,0.7699,0.5170,-0.8436
51.103,0.7667,0.5150,-0.8869
51.123,0.7628,0.5128,-0.9247
51.143,0.7586,0.5100,-0.9572
51.163,0.7545,0.5069,-0.9881
51.183,0.7503,0.5036,-1.0191
51.203,0.7460,0.5000,-1.0505
51.223,0.7412,0.4967,-1.0834
51.244,0.7362,0.4937,-1.1167
51.263,0.7303,0.4906,-1.1453
51.283,0.7236,0.4874,-1.1670
51.303,0.7163,0.4841,-1.1854
51.323,0.7085,0.4806,-1.2026
51.344,0.7012,0.4775,-1.2159
51.363,0.6943,0.4745,-1.2237
51.386,0.6873,0.4715,-1.2273
51.403,0.6803,0.4687,-1.2296
51.424,0.6740,0.4659,-1.2311
51.443,0.6686,0.4631,-1.2323
51.463,0.6636,0.4605,-1.2339
51.483,0.6589,0.4581,-1.2352
51.503,0.6547,0.4559,-1.2357
51.523,0.6511,0.4539,-1.2354
51.543,0.6480,0.4521,-1.2348
51.563,0.6456,0.4503,-1.2343
51.583,0.6440,0.4486,-1.2334
51.603,0.6428,0.4469,-1.2322
51.623,0.6420,0.4453,-1.2315
51.643,0.6415,0.4441,-1.2314
51.663,0.6410,0.4431,-1.2311
51.683,0.6407,0.4425,-1.2309
51.703,0.6405,0.4421,-1.2309
51.723,0.6405,0.4421,-1.2307
51.743,0.6406,0.4422,-1.2307
51.763,0.6406,0.4422,-1.2311
51.783,0.6406,0.4422,-1.2310
51.803,0.6406,0.4422,-1.2310
51.823,0.6406,0.4422,-1.2310
51.843,0.6406,0.4422,-1.2310
51.863,0.6406,0.4422,-1.2310
51.883,0.6406,0.4422,-1.2310
51.903,0.6406,0.4422,-1.2310
51.923,0.6406,0.4422,-1.2310
51.943,0.6406,0.4422,-1.2310
51.963,0.6406,0.4422,-1.2310
51.983,0.6406,0.4422,-1.2310
52.003,0.6407,0.4419,-1.2309
52.023,0.6412,0.4414,-1.2307
52.043,0.6419,0.4410,-1.2306
52.063,0.6422,0.4406,-1.2303
52.083,0.6431,0.4385,-1.2294
52.103,0.6454,0.4345,-1.2275
52.123,0.6483,0.4294,-1.2258
52.143,0.6512,0.4233,-1.2253
52.163,0.6542,0.4161,-1.2246
52.183,0.6576,0.4082,-1.2232
52.203,0.6606,0.3996,-1.2235
52.224,0.6633,0.3907,-1.2230
52.244,0.6659,0.3815,-1.2221
52.263,0.6687,0.3715,-1.2226
52.285,0.6717,0.3616,-1.2240
52.303,0.6747,0.3516,-1.2236
52.323,0.6786,0.3413,-1.2237
52.346,0.6827,0.3306,-1.2245
52.365,0.6868,0.3199,-1.2262
52.383,0.6907,0.3094,-1.2250
52.403,0.6948,0.2982,-1.2258
52.423,0.6989,0.2874,-1.2251
52.443,0.7032,0.2764,-1.2248
52.463,0.7073,0.2653,-1.2236
52.483,0.7110,0.2546,-1.2234
52.504,0.7145,0.2437,-1.2228
52.523,0.7181,0.2331,-1.2204
52.543,0.7219,0.2228,-1.2193
52.563,0.7257,0.2124,-1.2194
52.583,0.7288,0.2024,-1.2193
52.603,0.7317,0.1926,-1.2194
52.623,0.7348,0.1828,-1.2199
52.643,0.7379,0.1731,-1.2209
52.663,0.7410,0.1633,-1.2199
52.683,0.7440,0.1538,-1.2201
52.703,0.7471,0.1445,-1.2203
52.723,0.7503,0.1351,-1.2194
52.743,0.7537,0.1261,-1.2181
52.763,0.7573,0.1169,-1.2172
52.783,0.7607,0.1074,-1.2164
52.803,0.7643,0.0983,-1.2154
52.823,0.7675,0.0895,-1.2065
52.843,0.7704,0.0814,-1.1888
52.864,0.7737,0.0738,-1.1680
52.883,0.7771,0.0660,-1.1415
52.903,0.7805,0.0587,-1.1127
52.923,0.7838,0.0519,-1.0813
52.943,0.7871,0.0452,-1.0468
52.963,0.7903,0.0394,-1.0074
52.983,0.7931,0.0345,-0.9641
53.003,0.7959,0.0298,-0.9190
53.023,0.7987,0.0252,-0.8722
53.043,0.8006,0.0220,-0.8184
53.063,0.8017,0.0196,-0.7550
53.083,0.8030,0.0176,-0.6866
53.103,0.8041,0.0164,-0.6143
53.123,0.8050,0.0153,-0.5412
53.143,0.8056,0.0143,-0.4653
53.163,0.8060,0.0138,-0.3877
53.183,0.8067,0.0127,-0.3100
53.203,0.8073,0.0118,-0.2317
53.223,0.8077,0.0117,-0.1537
53.243,0.8081,0.0116,-0.0746
53.263,0.8081,0.0116,0.0036
53.283,0.8081,0.0117,0.0793
53.303,0.8083,0.0115,0.1532
53.323,0.8087,0.0112,0.2233
53.343,0.8092,0.0111,0.2888
53.363,0.8095,0.0112,0.3513
53.383,0.8096,0.0114,0.4105
53.403,0.8096,0.0116,0.4666
53.423,0.8096,0.0117,0.5199
53.443,0.8098,0.0118,0.5694
53.463,0.8103,0.0119,0.6155
53.482,0.8107,0.0120,0.6584
53.503,0.8108,0.0121,0.6965
53.523,0.8109,0.0123,0.7312
53.543,0.8110,0.0125,0.7637
53.563,0.8111,0.0127,0.7934
53.583,0.8113,0.0127,0.8207
53.603,0.8114,0.0128,0.8447
53.623,0.8115,0.0127,0.8659
53.643,0.8112,0.0127,0.8840
53.663,0.8109,0.0127,0.8996
53.683,0.8107,0.0127,0.9116
53.703,0.8107,0.0127,0.9215
53.724,0.8108,0.0128,0.9285
53.745,0.8109,0.0129,0.9326
53.763,0.8109,0.0129,0.9345
53.783,0.8110,0.0129,0.9340
53.803,0.8109,0.0129,0.9341
53.823,0.8109,0.0129,0.9341
53.844,0.8109,0.0129,0.9341
53.863,0.8109,0.0129,0.9341
53.883,0.8109,0.0129,0.9341
53.903,0.8109,0.0129,0.9341
53.923,0.8109,0.0129,0.9223
53.943,0.8108,0.0130,0.9001
53.963,0.8107,0.0130,0.8699
53.982,0.8108,0.0130,0.8416
54.003,0.8108,0.0129,0.8193
54.023,0.8109,0.0129,0.8001
54.043,0.8108,0.0128,0.7824
54.063,0.8109,0.0128,0.7664
54.083,0.8111,0.0129,0.7546
54.103,0.8113,0.0130,0.7455
54.123,0.8114,0.0130,0.7386
54.145,0.8114,0.0129,0.7339
54.163,0.8113,0.0129,0.7320
54.183,0.8112,0.0128,0.7319
54.203,0.8112,0.0128,0.7321
54.222,0.8112,0.0128,0.7321
54.242,0.8112,0.0128,0.7321
54.263,0.8112,0.0128,0.7321
54.283,0.8112,0.0128,0.7321
54.303,0.8111,0.0129,0.7276
54.323,0.8110,0.0129,0.7176
54.343,0.8111,0.0128,0.7035
54.363,0.8111,0.0128,0.6869
54.383,0.8111,0.0127,0.6681
54.403,0.8110,0.0126,0.6473
54.423,0.8110,0.0125,0.6253
54.443,0.8109,0.0124,0.6025
54.463,0.8107,0.0123,0.5749
54.482,0.8105,0.0123,0.5425
54.504,0.8103,0.0124,0.5060
54.522,0.8102,0.0124,0.4669
54.543,0.8101,0.0123,0.4266
54.563,0.8101,0.0123,0.3856
54.583,0.8101,0.0122,0.3447
54.603,0.8101,0.0121,0.3030
54.623,0.8101,0.0120,0.2607
54.643,0.8100,0.0120,0.2192
54.663,0.8099,0.0120,0.1776
54.683,0.8101,0.0120,0.1272
54.703,0.8101,0.0121,0.0681
54.722,0.8104,0.0121,0.0026
54.743,0.8112,0.0115,-0.0664
54.764,0.8112,0.0113,-0.1357
54.783,0.8110,0.0111,-0.2015
54.802,0.8108,0.0109,-0.2639
54.822,0.8105,0.0107,-0.3224
54.844,0.8101,0.0107,-0.3778
54.864,0.8097,0.0107,-0.4303
54.883,0.8093,0.0109,-0.4802
54.903,0.8092,0.0111,-0.5262
54.923,0.8091,0.0111,-0.5674
54.943,0.8089,0.0111,-0.6060
54.963,0.8086,0.0110,-0.6419
54.983,0.8085,0.0108,-0.6751
55.003,0.8084,0.0106,-0.7053
55.023,0.8081,0.0105,-0.7317
55.042,0.8078,0.0104,-0.7561
55.062,0.8075,0.0103,-0.7786
55.083,0.8072,0.0105,-0.7985
55.103,0.8071,0.0108,-0.8154
55.123,0.8072,0.0111,-0.8298
55.144,0.8074,0.0114,-0.8416
55.163,0.8076,0.0114,-0.8501
55.182,0.8077,0.0114,-0.8560
55.203,0.8076,0.0114,-0.8590
55.222,0.8076,0.0113,-0.8600
55.242,0.8076,0.0113,-0.8597
55.265,0.8075,0.0114,-0.8597
55.283,0.8075,0.0114,-0.8597
55.302,0.8075,0.0114,-0.8597
55.323,0.8075,0.0114,-0.8597
55.343,0.8075,0.0114,-0.8597
55.362,0.8075,0.0114,-0.8597
55.382,0.8075,0.0114,-0.8597
55.402,0.8075,0.0114,-0.8597
55.423,0.8075,0.0114,-0.8597
55.442,0.8075,0.0114,-0.8597
55.462,0.8075,0.0114,-0.8597
55.482,0.8075,0.0114,-0.8597
55.502,0.8076,0.0113,-0.8561
55.522,0.8075,0.0113,-0.8469
55.542,0.8073,0.0114,-0.8373
55.563,0.8073,0.0115,-0.8257
55.582,0.8074,0.0115,-0.8120
55.602,0.8075,0.0115,-0.7956
55.622,0.8076,0.0115,-0.7779
55.643,0.8077,0.0115,-0.7593
55.663,0.8078,0.0115,-0.7387
55.682,0.8080,0.0114,-0.7159
55.702,0.8082,0.0114,-0.6916
55.722,0.8083,0.0113,-0.6665
55.742,0.8085,0.0113,-0.6398
55.763,0.8086,0.0113,-0.6129
55.782,0.8086,0.0114,-0.5853
55.804,0.8087,0.0115,-0.5573
55.822,0.8086,0.0117,-0.5291
55.843,0.8086,0.0118,-0.5006
55.862,0.8085,0.0119,-0.4720
55.884,0.8084,0.0119,-0.4437
55.902,0.8085,0.0118,-0.4153
55.922,0.8086,0.0117,-0.3871
55.943,0.8087,0.0116,-0.3590
55.962,0.8088,0.0116,-0.3308
55.982,0.8088,0.0115,-0.3026
56.002,0.8089,0.0115,-0.2745
56.023,0.8090,0.0115,-0.2471
56.042,0.8091,0.0115,-0.2196
56.062,0.8092,0.0115,-0.1918
56.082,0.8093,0.0116,-0.1642
56.102,0.8094,0.0116,-0.1382
56.122,0.8095,0.0117,-0.1150
56.142,0.8096,0.0119,-0.0946
56.162,0.8096,0.0121,-0.0777
56.182,0.8095,0.0122,-0.0632
56.202,0.8094,0.0122,-0.0515
56.223,0.8093,0.0120,-0.0423
56.242,0.8091,0.0119,-0.0359
56.262,0.8091,0.0118,-0.0321
56.283,0.8092,0.0118,-0.0307
56.302,0.8093,0.0118,-0.0307
56.323,0.8093,0.0118,-0.0306
56.342,0.8093,0.0118,-0.0306
56.362,0.8093,0.0118,-0.0306
56.382,0.8093,0.0118,-0.0306
56.402,0.8093,0.0118,-0.0306
56.422,0.8093,0.0118,-0.0306
56.442,0.8093,0.0118,-0.0306
56.462,0.8093,0.0118,-0.0306
56.483,0.8093,0.0118,-0.0306
56.502,0.8093,0.0118,-0.0306
56.522,0.8093,0.0118,-0.0306
56.542,0.8093,0.0118,-0.0306
56.563,0.8093,0.0118,-0.0306
56.582,0.8093,0.0118,-0.0306
56.602,0.8093,0.0118,-0.0306
56.622,0.8093,0.0118,-0.0306
56.642,0.8093,0.0118,-0.0306
56.663,0.8093,0.0118,-0.0306
56.682,0.8093,0.0118,-0.0306
56.702,0.8093,0.0118,-0.0306
56.722,0.8093,0.0118,-0.0306
56.742,0.8093,0.0118,-0.0306
56.762,0.8093,0.0118,-0.0306
56.782,0.8093,0.0118,-0.0306
56.802,0.8093,0.0118,-0.0306
56.825,0.8093,0.0118,-0.0306
56.842,0.8093,0.0118,-0.0306
56.863,0.8093,0.0118,-0.0306
56.883,0.8093,0.0118,-0.0306
56.902,0.8093,0.0118,-0.0306
56.922,0.8093,0.0118,-0.0306
56.942,0.8093,0.0118,-0.0306
56.962,0.8093,0.0118,-0.0306
56.983,0.8093,0.0118,-0.0306
57.002,0.8093,0.0118,-0.0306
57.022,0.8093,0.0118,-0.0306
57.042,0.8093,0.0118,-0.0306
57.062,0.8093,0.0118,-0.0306
57.082,0.8093,0.0118,-0.0306
57.103,0.8093,0.0118,-0.0306
57.122,0.8093,0.0118,-0.0306
57.143,0.8093,0.0118,-0.0306
57.163,0.8093,0.0118,-0.0306
57.182,0.8093,0.0118,-0.0306
57.202,0.8093,0.0118,-0.0306
57.222,0.8093,0.0118,-0.0306
57.243,0.8093,0.0118,-0.0306
57.263,0.8093,0.0118,-0.0306
57.282,0.8093,0.0118,-0.0306
57.302,0.8093,0.0118,-0.0306
57.322,0.8093,0.0118,-0.0306
57.342,0.8093,0.0118,-0.0306
57.362,0.8093,0.0118,-0.0306
57.383,0.8093,0.0118,-0.0306
57.402,0.8093,0.0118,-0.0306
57.422,0.8093,0.0118,-0.0306
57.442,0.8093,0.0118,-0.0306
57.462,0.8093,0.0118,-0.0306
57.482,0.8093,0.0118,-0.0306
57.504,0.8093,0.0118,-0.0306
57.522,0.8093,0.0118,-0.0306
57.542,0.8099,0.0118,-0.0312
57.563,0.8112,0.0119,-0.0322
57.582,0.8122,0.0119,-0.0319
57.602,0.8132,0.0117,-0.0324
57.622,0.8159,0.0114,-0.0324
57.643,0.8205,0.0115,-0.0315
57.663,0.8265,0.0118,-0.0299
57.682,0.8333,0.0122,-0.0289
57.702,0.8410,0.0127,-0.0285
57.722,0.8491,0.0128,-0.0280
57.742,0.8573,0.0123,-0.0296
57.762,0.8657,0.0113,-0.0292
57.782,0.8738,0.0102,-0.0294
57.802,0.8823,0.0090,-0.0299
57.822,0.8911,0.0081,-0.0289
57.843,0.9003,0.0072,-0.0272
57.862,0.9099,0.0066,-0.0253
57.882,0.9193,0.0060,-0.0247
57.903,0.9285,0.0051,-0.0237
57.923,0.9379,0.0045,-0.0216
57.942,0.9472,0.0040,-0.0197
57.963,0.9566,0.0036,-0.0186
57.982,0.9650,0.0034,-0.0182
58.002,0.9725,0.0031,-0.0162
58.022,0.9797,0.0029,-0.0140
58.042,0.9862,0.0025,-0.0129
58.062,0.9924,0.0019,-0.0125
58.082,0.9981,0.0013,-0.0125
58.102,1.0033,0.0004,-0.0112
58.122,1.0080,-0.0007,-0.0092
58.142,1.0121,-0.0019,-0.0080
58.164,1.0157,-0.0029,-0.0075
58.182,1.0186,-0.0038,-0.0066
58.203,1.0212,-0.0047,-0.0058
58.222,1.0232,-0.0058,-0.0055
58.242,1.0248,-0.0072,-0.0055
58.263,1.0260,-0.0086,-0.0058
58.282,1.0271,-0.0098,-0.0055
58.302,1.0281,-0.0107,-0.0050
58.322,1.0287,-0.0114,-0.0050
58.342,1.0291,-0.0117,-0.0049
58.362,1.0293,-0.0119,-0.0047
58.383,1.0293,-0.0119,-0.0052
58.402,1.0293,-0.0119,-0.0050
58.422,1.0293,-0.0119,-0.0050
58.442,1.0293,-0.0119,-0.0050
58.463,1.0293,-0.0119,-0.0050
58.482,1.0293,-0.0119,-0.0050
58.502,1.0293,-0.0119,-0.0050
58.522,1.0293,-0.0119,-0.0050
58.543,1.0293,-0.0119,-0.0050
58.563,1.0293,-0.0119,-0.0050
58.582,1.0293,-0.0119,-0.0050
58.603,1.0293,-0.0119,-0.0050
58.622,1.0293,-0.0119,-0.0050
58.642,1.0293,-0.0119,-0.0050
58.662,1.0293,-0.0119,-0.0050
58.682,1.0293,-0.0119,-0.0050
58.702,1.0293,-0.0119,-0.0050
58.723,1.0293,-0.0119,-0.0050
58.742,1.0293,-0.0119,-0.0050
58.762,1.0293,-0.0119,-0.0050
58.783,1.0293,-0.0119,-0.0050
58.802,1.0293,-0.0119,-0.0050
58.822,1.0293,-0.0119,-0.0050
58.843,1.0293,-0.0119,-0.0050
58.862,1.0293,-0.0119,-0.0050
58.882,1.0293,-0.0119,-0.0050
58.902,1.0293,-0.0119,-0.0050
58.922,1.0293,-0.0119,-0.0050
58.942,1.0293,-0.0119,-0.0050
58.962,1.0293,-0.0119,-0.0050
58.982,1.0293,-0.0119,-0.0050
59.002,1.0293,-0.0119,-0.0050
59.022,1.0293,-0.0119,-0.0050
59.042,1.0293,-0.0119,-0.0050
59.062,1.0293,-0.0119,-0.0050
59.082,1.0293,-0.0119,-0.0050
59.103,1.0293,-0.0119,-0.0050
59.123,1.0293,-0.0119,-0.0050
59.142,1.0293,-0.0119,-0.0050
59.162,1.0293,-0.0119,-0.0050
59.182,1.0293,-0.0119,-0.0050
59.203,1.0293,-0.0119,-0.0050
59.222,1.0293,-0.0119,-0.0050
59.242,1.0293,-0.0119,-0.0050
59.263,1.0293,-0.0119,-0.0050
59.282,1.0293,-0.0119,-0.0050
59.302,1.0293,-0.0119,-0.0050
59.323,1.0293,-0.0119,-0.0050
59.342,1.0293,-0.0119,-0.0050
59.362,1.0293,-0.0119,-0.0050
59.382,1.0293,-0.0119,-0.0050
59.402,1.0293,-0.0119,-0.0050
59.422,1.0293,-0.0119,-0.0050
59.442,1.0293,-0.0119,-0.0050
59.462,1.0293,-0.0119,-0.0050
59.482,1.0293,-0.0119,-0.0050
59.502,1.0293,-0.0119,-0.0050
59.523,1.0293,-0.0119,-0.0050
59.542,1.0293,-0.0119,-0.0050
59.562,1.0293,-0.0119,-0.0050
59.583,1.0293,-0.0119,-0.0050
59.602,1.0293,-0.0119,-0.0050
59.622,1.0293,-0.0119,-0.0050
59.643,1.0293,-0.0119,-0.0050
59.663,1.0293,-0.0119,-0.0050
59.682,1.0293,-0.0119,-0.0050
59.702,1.0293,-0.0119,-0.0050
59.722,1.0293,-0.0119,-0.0050
59.742,1.0293,-0.0119,-0.0050
59.762,1.0293,-0.0119,-0.0050
59.782,1.0293,-0.0119,-0.0050
59.802,1.0293,-0.0119,-0.0050
59.822,1.0293,-0.0119,-0.0050
59.842,1.0293,-0.0119,-0.0050
59.862,1.0293,-0.0119,-0.0050
59.882,1.0293,-0.0119,-0.0050
59.902,1.0293,-0.0119,-0.0050
59.922,1.0293,-0.0119,-0.0050
59.942,1.0293,-0.0119,-0.0050
59.962,1.0293,-0.0119,-0.0050
59.982,1.0293,-0.0119,-0.0050
60.002,1.0293,-0.0119,-0.0050
60.022,1.0293,-0.0119,-0.0050
60.042,1.0293,-0.0119,-0.0050
60.062,1.0293,-0.0119,-0.0050
60.082,1.0293,-0.0119,-0.0050
60.102,1.0293,-0.0119,-0.0050
60.122,1.0293,-0.0119,-0.0050
60.142,1.0293,-0.0119,-0.0050
60.162,1.0293,-0.0119,-0.0050
60.182,1.0293,-0.0119,-0.0050
60.202,1.0293,-0.0119,-0.0050
60.222,1.0293,-0.0119,-0.0050
60.242,1.0293,-0.0119,-0.0050
60.262,1.0293,-0.0119,-0.0050
60.282,1.0293,-0.0119,-0.0050
60.302,1.0293,-0.0119,-0.0050
60.322,1.0293,-0.0119,-0.0050
60.342,1.0293,-0.0119,-0.0050
60.362,1.0293,-0.0119,-0.0050
60.382,1.0293,-0.0119,-0.0050
60.402,1.0293,-0.0119,-0.0050
60.424,1.0293,-0.0119,-0.0050
60.442,1.0293,-0.0119,-0.0050
60.462,1.0293,-0.0119,-0.0050
60.482,1.0293,-0.0119,-0.0050
60.502,1.0293,-0.0119,-0.0050
60.524,1.0293,-0.0119,-0.0050
60.542,1.0293,-0.0119,-0.0050
60.562,1.0293,-0.0119,-0.0050
60.582,1.0293,-0.0119,-0.0050
60.602,1.0293,-0.0119,-0.0050
60.622,1.0293,-0.0119,-0.0050
60.642,1.0293,-0.0119,-0.0050
60.662,1.0293,-0.0119,-0.0050
60.682,1.0293,-0.0119,-0.0050
60.702,1.0293,-0.0119,-0.0050
60.722,1.0293,-0.0119,-0.0050
60.742,1.0293,-0.0119,-0.0050
60.762,1.0293,-0.0119,-0.0050
60.782,1.0293,-0.0119,-0.0050
60.802,1.0293,-0.0119,-0.0050
60.822,1.0293,-0.0119,-0.0050
60.842,1.0293,-0.0119,-0.0050
60.862,1.0293,-0.0119,-0.0050
60.882,1.0293,-0.0119,-0.0050
60.902,1.0293,-0.0119,-0.0050
60.923,1.0293,-0.0119,-0.0050
60.943,1.0293,-0.0119,-0.0050
60.962,1.0293,-0.0119,-0.0050
60.982,1.0293,-0.0119,-0.0050
61.002,1.0293,-0.0119,-0.0050
61.022,1.0293,-0.0119,-0.0050
61.042,1.0293,-0.0119,-0.0050
61.062,1.0293,-0.0119,-0.0050
61.082,1.0293,-0.0119,-0.0050
61.102,1.0293,-0.0119,-0.0050
61.122,1.0293,-0.0119,-0.0050
61.142,1.0293,-0.0119,-0.0050
61.162,1.0293,-0.0119,-0.0050
61.183,1.0293,-0.0119,-0.0050
61.202,1.0293,-0.0119,-0.0050
61.222,1.0293,-0.0119,-0.0050
61.242,1.0293,-0.0119,-0.0050
61.262,1.0293,-0.0119,-0.0050
61.282,1.0293,-0.0119,-0.0050
61.302,1.0293,-0.0119,-0.0050
61.322,1.0293,-0.0119,-0.0050
61.342,1.0293,-0.0119,-0.0050
61.363,1.0293,-0.0119,-0.0050
61.382,1.0293,-0.0119,-0.0050
61.402,1.0293,-0.0119,-0.0050
61.422,1.0293,-0.0119,-0.0050
61.442,1.0293,-0.0119,-0.0050
61.462,1.0293,-0.0119,-0.0050
61.482,1.0293,-0.0119,-0.0050
61.502,1.0293,-0.0119,-0.0050
61.522,1.0293,-0.0119,-0.0050
61.542,1.0293,-0.0119,-0.0050
61.562,1.0293,-0.0119,-0.0050
61.582,1.0293,-0.0119,-0.0050
61.602,1.0293,-0.0119,-0.0050
61.622,1.0293,-0.0119,-0.0050
61.642,1.0293,-0.0119,-0.0050
61.662,1.0293,-0.0119,-0.0050
61.682,1.0293,-0.0119,-0.0050
61.702,1.0293,-0.0119,-0.0050
61.722,1.0293,-0.0119,-0.0050
61.742,1.0293,-0.0119,-0.0050
61.762,1.0293,-0.0119,-0.0050
61.782,1.0293,-0.0119,-0.0050
61.802,1.0293,-0.0119,-0.0050
61.823,1.0293,-0.0119,-0.0050
61.841,1.0293,-0.0119,-0.0050
61.862,1.0293,-0.0119,-0.0050
61.882,1.0293,-0.0119,-0.0050
61.901,1.0293,-0.0119,-0.0050
61.922,1.0293,-0.0119,-0.0050
61.942,1.0293,-0.0119,-0.0050
61.961,1.0293,-0.0119,-0.0050
61.982,1.0293,-0.0119,-0.0050
62.002,1.0293,-0.0119,-0.0050
62.021,1.0293,-0.0119,-0.0050
62.042,1.0293,-0.0119,-0.0050
62.062,1.0293,-0.0119,-0.0050
62.081,1.0293,-0.0119,-0.0050
62.101,1.0293,-0.0119,-0.0050
62.122,1.0293,-0.0119,-0.0050
62.142,1.0293,-0.0119,-0.0050
62.161,1.0293,-0.0119,-0.0050
62.182,1.0293,-0.0119,-0.0050
62.202,1.0293,-0.0119,-0.0050
62.222,1.0293,-0.0119,-0.0050
62.242,1.0293,-0.0119,-0.0050
62.261,1.0293,-0.0119,-0.0050
62.282,1.0293,-0.0119,-0.0050
62.302,1.0293,-0.0119,-0.0050
62.322,1.0293,-0.0119,-0.0050
62.341,1.0293,-0.0119,-0.0050
62.361,1.0293,-0.0119,-0.0050
62.381,1.0293,-0.0119,-0.0050
62.401,1.0293,-0.0119,-0.0050
62.421,1.0293,-0.0119,-0.0050
62.442,1.0293,-0.0119,-0.0050
62.462,1.0293,-0.0119,-0.0050
62.481,1.0293,-0.0119,-0.0050
62.502,1.0293,-0.0119,-0.0050
62.522,1.0293,-0.0119,-0.0050
62.542,1.0293,-0.0119,-0.0050
62.561,1.0293,-0.0119,-0.0050
62.582,1.0293,-0.0119,-0.0050
62.602,1.0293,-0.0119,-0.0050
62.622,1.0293,-0.0119,-0.0050
62.642,1.0293,-0.0119,-0.0050
62.661,1.0293,-0.0119,-0.0050
62.682,1.0293,-0.0119,-0.0050
62.701,1.0293,-0.0119,-0.0050
62.721,1.0293,-0.0119,-0.0050
62.741,1.0293,-0.0119,-0.0050
62.761,1.0293,-0.0119,-0.0050
62.781,1.0293,-0.0119,-0.0050
62.801,1.0293,-0.0119,-0.0050
62.821,1.0293,-0.0119,-0.0050
62.841,1.0293,-0.0119,-0.0050
62.861,1.0293,-0.0119,-0.0050
62.882,1.0293,-0.0119,-0.0050
62.902,1.0293,-0.0119,-0.0050
62.922,1.0293,-0.0119,-0.0050
62.942,1.0293,-0.0119,-0.0050
62.961,1.0293,-0.0119,-0.0050
62.982,1.0293,-0.0119,-0.0050
63.002,1.0293,-0.0119,-0.0050
63.022,1.0293,-0.0119,-0.0050
63.041,1.0293,-0.0119,-0.0050
63.062,1.0293,-0.0119,-0.0050
63.081,1.0293,-0.0119,-0.0050
63.101,1.0293,-0.0119,-0.0050
63.122,1.0293,-0.0119,-0.0050
63.142,1.0293,-0.0119,-0.0050
63.162,1.0293,-0.0119,-0.0050
63.181,1.0293,-0.0119,-0.0050
63.201,1.0293,-0.0119,-0.0050
63.221,1.0293,-0.0119,-0.0050
63.241,1.0293,-0.0119,-0.0050
63.262,1.0293,-0.0119,-0.0050
63.281,1.0293,-0.0119,-0.0050
63.302,1.0293,-0.0119,-0.0050
63.322,1.0293,-0.0119,-0.0050
63.341,1.0293,-0.0119,-0.0050
63.362,1.0293,-0.0119,-0.0050
63.384,1.0293,-0.0119,-0.0050
63.401,1.0293,-0.0119,-0.0050
63.421,1.0293,-0.0119,-0.0050
63.441,1.0293,-0.0119,-0.0050
63.462,1.0293,-0.0119,-0.0050
63.481,1.0293,-0.0119,-0.0050
63.501,1.0293,-0.0119,-0.0050
63.522,1.0293,-0.0119,-0.0050
63.541,1.0293,-0.0119,-0.0050
63.561,1.0293,-0.0119,-0.0050
63.581,1.0293,-0.0119,-0.0050
63.601,1.0293,-0.0119,-0.0050
63.621,1.0293,-0.0119,-0.0050
63.641,1.0293,-0.0119,-0.0050
63.662,1.0293,-0.0119,-0.0050
63.683,1.0293,-0.0119,-0.0050
63.702,1.0293,-0.0119,-0.0050
63.724,1.0293,-0.0119,-0.0050
63.742,1.0293,-0.0119,-0.0050
63.761,1.0293,-0.0119,-0.0050
63.781,1.0293,-0.0119,-0.0050
63.802,1.0293,-0.0119,-0.0050
63.822,1.0293,-0.0119,-0.0050
63.842,1.0293,-0.0119,-0.0050
63.862,1.0293,-0.0119,-0.0050
63.881,1.0293,-0.0119,-0.0050
63.901,1.0293,-0.0119,-0.0050
63.922,1.0293,-0.0119,-0.0050
63.941,1.0293,-0.0119,-0.0050
63.961,1.0293,-0.0119,-0.0050
63.982,1.0293,-0.0119,-0.0050
64.001,1.0293,-0.0119,-0.0050
64.022,1.0293,-0.0119,-0.0050
64.044,1.0293,-0.0119,-0.0050
64.061,1.0293,-0.0119,-0.0050
64.082,1.0293,-0.0119,-0.0050
64.102,1.0293,-0.0119,-0.0050
64.122,1.0293,-0.0119,-0.0050
64.141,1.0293,-0.0119,-0.0050
64.161,1.0293,-0.0119,-0.0050
64.182,1.0293,-0.0119,-0.0050
64.201,1.0293,-0.0119,-0.0050
64.222,1.0293,-0.0119,-0.0050
64.241,1.0293,-0.0119,-0.0050
64.261,1.0293,-0.0119,-0.0050
64.281,1.0293,-0.0119,-0.0050
64.301,1.0293,-0.0119,-0.0050
64.321,1.0293,-0.0119,-0.0050
64.342,1.0293,-0.0119,-0.0050
64.362,1.0293,-0.0119,-0.0050
64.381,1.0293,-0.0119,-0.0050
64.402,1.0293,-0.0119,-0.0050
64.421,1.0293,-0.0119,-0.0050
64.441,1.0293,-0.0119,-0.0050
64.462,1.0293,-0.0119,-0.0050
64.481,1.0293,-0.0119,-0.0050
64.501,1.0293,-0.0119,-0.0050
64.521,1.0293,-0.0119,-0.0050
64.542,1.0293,-0.0119,-0.0050
64.562,1.0293,-0.0119,-0.0050
64.582,1.0293,-0.0119,-0.0050
64.602,1.0293,-0.0119,-0.0050
64.622,1.0293,-0.0119,-0.0050
64.641,1.0293,-0.0119,-0.0050
64.662,1.0293,-0.0119,-0.0050
64.681,1.0293,-0.0119,-0.0050
64.702,1.0293,-0.0119,-0.0050
64.721,1.0293,-0.0119,-0.0050
64.742,1.0293,-0.0119,-0.0050
64.761,1.0293,-0.0119,-0.0050
64.781,1.0293,-0.0119,-0.0050
64.801,1.0293,-0.0119,-0.0050
64.821,1.0293,-0.0119,-0.0050
64.842,1.0293,-0.0119,-0.0050
64.861,1.0293,-0.0119,-0.0050
64.882,1.0293,-0.0119,-0.0050
64.901,1.0293,-0.0119,-0.0050
64.921,1.0293,-0.0119,-0.0050
64.941,1.0293,-0.0119,-0.0050
64.961,1.0293,-0.0119,-0.0050
64.981,1.0293,-0.0119,-0.0050
65.001,1.0293,-0.0119,-0.0050
65.021,1.0293,-0.0119,-0.0050
65.042,1.0293,-0.0119,-0.0050
65.061,1.0293,-0.0119,-0.0050
65.081,1.0293,-0.0119,-0.0050
65.101,1.0293,-0.0119,-0.0050
65.121,1.0293,-0.0119,-0.0050
65.141,1.0293,-0.0119,-0.0050
65.161,1.0293,-0.0119,-0.0050
65.181,1.0293,-0.0119,-0.0050
65.201,1.0293,-0.0119,-0.0050
65.221,1.0293,-0.0119,-0.0050
65.241,1.0293,-0.0119,-0.0050
65.261,1.0293,-0.0119,-0.0050
65.281,1.0293,-0.0119,-0.0050
65.302,1.0293,-0.0119,-0.0050
65.321,1.0293,-0.0119,-0.0050
65.341,1.0293,-0.0119,-0.0050
65.361,1.0293,-0.0119,-0.0050
65.381,1.0293,-0.0119,-0.0050
65.401,1.0293,-0.0119,-0.0050
65.421,1.0293,-0.0119,-0.0050
65.441,1.0293,-0.0119,-0.0050
65.461,1.0293,-0.0119,-0.0050
65.481,1.0293,-0.0119,-0.0050
65.501,1.0293,-0.0119,-0.0050
65.521,1.0293,-0.0119,-0.0050
65.541,1.0293,-0.0119,-0.0050
65.561,1.0293,-0.0119,-0.0050
65.581,1.0293,-0.0119,-0.0050
65.602,1.0293,-0.0119,-0.0050
65.621,1.0293,-0.0119,-0.0050
65.641,1.0293,-0.0119,-0.0050
65.661,1.0293,-0.0119,-0.0050
65.681,1.0293,-0.0119,-0.0050
65.701,1.0293,-0.0119,-0.0050
65.721,1.0293,-0.0119,-0.0050
65.741,1.0293,-0.0119,-0.0050
65.761,1.0293,-0.0119,-0.0050
65.781,1.0293,-0.0119,-0.0050
65.801,1.0293,-0.0119,-0.0050
65.821,1.0293,-0.0119,-0.0050
65.841,1.0293,-0.0119,-0.0050
65.861,1.0293,-0.0119,-0.0050
65.881,1.0293,-0.0119,-0.0050
65.901,1.0293,-0.0119,-0.0050
65.921,1.0293,-0.0119,-0.0050
65.941,1.0293,-0.0119,-0.0050
65.961,1.0293,-0.0119,-0.0050
65.981,1.0293,-0.0119,-0.0050
66.001,1.0293,-0.0119,-0.0050
66.021,1.0293,-0.0119,-0.0050
66.041,1.0293,-0.0119,-0.0050
66.061,1.0293,-0.0119,-0.0050
66.081,1.0293,-0.0119,-0.0050
66.101,1.0293,-0.0119,-0.0050
66.121,1.0293,-0.0119,-0.0050
66.141,1.0293,-0.0119,-0.0050
66.161,1.0293,-0.0119,-0.0050
66.181,1.0293,-0.0119,-0.0050
66.201,1.0293,-0.0119,-0.0050
66.221,1.0293,-0.0119,-0.0050
66.241,1.0293,-0.0119,-0.0050
66.261,1.0293,-0.0119,-0.0050
66.281,1.0293,-0.0119,-0.0050
66.301,1.0293,-0.0119,-0.0050
66.321,1.0293,-0.0119,-0.0050
66.341,1.0293,-0.0119,-0.0050
66.361,1.0293,-0.0119,-0.0050
66.381,1.0293,-0.0119,-0.0050
66.401,1.0293,-0.0119,-0.0050
66.421,1.0293,-0.0119,-0.0050
66.441,1.0293,-0.0119,-0.0050
66.461,1.0293,-0.0119,-0.0050
66.481,1.0293,-0.0119,-0.0050
66.501,1.0293,-0.0119,-0.0050
66.521,1.0293,-0.0119,-0.0050
66.541,1.0293,-0.0119,-0.0050
66.561,1.0293,-0.0119,-0.0050
66.581,1.0293,-0.0119,-0.0050
66.601,1.0293,-0.0119,-0.0050
66.621,1.0293,-0.0119,-0.0050
66.641,1.0293,-0.0119,-0.0050
66.661,1.0293,-0.0119,-0.0050
66.681,1.0293,-0.0119,-0.0050
66.701,1.0293,-0.0119,-0.0050
66.721,1.0293,-0.0119,-0.0050
66.741,1.0293,-0.0119,-0.0050
66.761,1.0293,-0.0119,-0.0050
66.781,1.0293,-0.0119,-0.0050
66.801,1.0293,-0.0119,-0.0050
66.821,1.0293,-0.0119,-0.0050
66.841,1.0293,-0.0119,-0.0050
66.861,1.0293,-0.0119,-0.0050
66.881,1.0293,-0.0119,-0.0050
66.901,1.0293,-0.0119,-0.0050
66.921,1.0293,-0.0119,-0.0050
66.941,1.0293,-0.0119,-0.0050
66.961,1.0293,-0.0119,-0.0050
66.981,1.0293,-0.0119,-0.0050
67.001,1.0293,-0.0119,-0.0050
67.021,1.0293,-0.0119,-0.0050
67.041,1.0293,-0.0119,-0.0050
67.061,1.0293,-0.0119,-0.0050
67.081,1.0293,-0.0119,-0.0050
67.101,1.0293,-0.0119,-0.0050
67.121,1.0293,-0.0119,-0.0050
67.141,1.0293,-0.0119,-0.0050
67.161,1.0293,-0.0119,-0.0050
67.181,1.0293,-0.0119,-0.0050
67.201,1.0293,-0.0119,-0.0050
67.221,1.0293,-0.0119,-0.0050
67.241,1.0293,-0.0119,-0.0050
67.261,1.0293,-0.0119,-0.0050
67.281,1.0293,-0.0119,-0.0050
67.301,1.0293,-0.0119,-0.0050
67.321,1.0293,-0.0119,-0.0050
67.341,1.0293,-0.0119,-0.0050
67.361,1.0293,-0.0119,-0.0050
67.381,1.0293,-0.0119,-0.0050
67.401,1.0293,-0.0119,-0.0050
67.421,1.0293,-0.0119,-0.0050
67.441,1.0293,-0.0119,-0.0050
67.461,1.0293,-0.0119,-0.0050
67.481,1.0293,-0.0119,-0.0050
67.501,1.0293,-0.0119,-0.0050
67.521,1.0293,-0.0119,-0.0050
67.541,1.0293,-0.0119,-0.0050
67.561,1.0293,-0.0119,-0.0050
67.581,1.0293,-0.0119,-0.0050
67.601,1.0293,-0.0119,-0.0050
67.621,1.0293,-0.0119,-0.0050
67.641,1.0293,-0.0119,-0.0050
67.661,1.0293,-0.0119,-0.0050
67.681,1.0293,-0.0119,-0.0050
67.701,1.0293,-0.0119,-0.0050
67.721,1.0293,-0.0119,-0.0050
67.741,1.0293,-0.0119,-0.0050
67.761,1.0293,-0.0119,-0.0050
67.781,1.0293,-0.0119,-0.0050
67.801,1.0293,-0.0119,-0.0050
67.821,1.0293,-0.0119,-0.0050
67.841,1.0293,-0.0119,-0.0050
67.861,1.0293,-0.0119,-0.0050
67.881,1.0293,-0.0119,-0.0050
67.901,1.0293,-0.0119,-0.0050
67.921,1.0293,-0.0119,-0.0050
67.941,1.0293,-0.0119,-0.0050
67.961,1.0293,-0.0119,-0.0050
67.981,1.0293,-0.0119,-0.0050
68.001,1.0293,-0.0119,-0.0050
68.021,1.0293,-0.0119,-0.0050
68.041,1.0293,-0.0119,-0.0050
68.061,1.0293,-0.0119,-0.0050
68.081,1.0293,-0.0119,-0.0050
68.101,1.0293,-0.0119,-0.0050
68.121,1.0293,-0.0119,-0.0050
68.141,1.0293,-0.0119,-0.0050
68.161,1.0293,-0.0119,-0.0050
68.181,1.0293,-0.0119,-0.0050
68.201,1.0293,-0.0119,-0.0050
68.221,1.0293,-0.0119,-0.0050
68.241,1.0293,-0.0119,-0.0050
68.261,1.0293,-0.0119,-0.0050
68.281,1.0293,-0.0119,-0.0050
68.301,1.0293,-0.0119,-0.0050
68.321,1.0293,-0.0119,-0.0050
68.341,1.0293,-0.0119,-0.0050
68.361,1.0293,-0.0119,-0.0050
68.381,1.0293,-0.0119,-0.0050
68.401,1.0293,-0.0119,-0.0050
68.421,1.0293,-0.0119,-0.0050
68.441,1.0293,-0.0119,-0.0050
68.461,1.0293,-0.0119,-0.0050
68.481,1.0293,-0.0119,-0.0050
68.501,1.0293,-0.0119,-0.0050
68.521,1.0293,-0.0119,-0.0050
68.541,1.0293,-0.0119,-0.0050
68.561,1.0293,-0.0119,-0.0050
68.581,1.0293,-0.0119,-0.0050
68.601,1.0293,-0.0119,-0.0050
68.621,1.0293,-0.0119,-0.0050
68.641,1.0293,-0.0119,-0.0050
68.661,1.0293,-0.0119,-0.0050
68.681,1.0293,-0.0119,-0.0050
68.701,1.0293,-0.0119,-0.0050
68.721,1.0293,-0.0119,-0.0050
68.741,1.0293,-0.0119,-0.0050
68.761,1.0293,-0.0119,-0.0050
68.781,1.0293,-0.0119,-0.0050
68.801,1.0293,-0.0119,-0.0050
68.821,1.0293,-0.0119,-0.0050
68.841,1.0293,-0.0119,-0.0050
68.861,1.0293,-0.0119,-0.0050
68.881,1.0293,-0.0119,-0.0050
68.901,1.0293,-0.0119,-0.0050
68.921,1.0293,-0.0119,-0.0050
68.941,1.0293,-0.0119,-0.0050
68.961,1.0293,-0.0119,-0.0050
68.981,1.0293,-0.0119,-0.0050
69.001,1.0293,-0.0119,-0.0050
69.021,1.0293,-0.0119,-0.0050
69.041,1.0293,-0.0119,-0.0050
69.061,1.0293,-0.0119,-0.0050
69.081,1.0293,-0.0119,-0.0050
69.101,1.0293,-0.0119,-0.0050
69.121,1.0293,-0.0119,-0.0050
69.141,1.0293,-0.0119,-0.0050
69.161,1.0293,-0.0119,-0.0050
69.181,1.0293,-0.0119,-0.0050
69.201,1.0293,-0.0119,-0.0050
69.221,1.0293,-0.0119,-0.0050
69.241,1.0293,-0.0119,-0.0050
69.260,1.0293,-0.0119,-0.0050
69.281,1.0293,-0.0119,-0.0050
69.301,1.0293,-0.0119,-0.0050
69.321,1.0293,-0.0119,-0.0050
69.341,1.0293,-0.0119,-0.0050
69.361,1.0293,-0.0119,-0.0050
69.381,1.0293,-0.0119,-0.0050
69.401,1.0293,-0.0119,-0.0050
69.421,1.0293,-0.0119,-0.0050
69.441,1.0293,-0.0119,-0.0050
69.461,1.0293,-0.0119,-0.0050
69.480,1.0293,-0.0119,-0.0050
69.500,1.0293,-0.0119,-0.0050
69.521,1.0293,-0.0119,-0.0050
69.541,1.0293,-0.0119,-0.0050
69.560,1.0293,-0.0119,-0.0050
69.581,1.0293,-0.0119,-0.0050
69.601,1.0293,-0.0119,-0.0050
69.621,1.0293,-0.0119,-0.0050
69.640,1.0293,-0.0119,-0.0050
69.661,1.0293,-0.0119,-0.0050
69.681,1.0293,-0.0119,-0.0050
69.700,1.0293,-0.0119,-0.0050
69.721,1.0293,-0.0119,-0.0050
69.741,1.0293,-0.0119,-0.0050
69.761,1.0293,-0.0119,-0.0050
69.780,1.0293,-0.0119,-0.0050
69.801,1.0293,-0.0119,-0.0050
69.821,1.0293,-0.0119,-0.0050
69.841,1.0293,-0.0119,-0.0050
69.860,1.0293,-0.0119,-0.0050
69.881,1.0293,-0.0119,-0.0050
69.901,1.0293,-0.0119,-0.0050
69.920,1.0293,-0.0119,-0.0050
69.940,1.0293,-0.0119,-0.0050
69.961,1.0293,-0.0119,-0.0050
69.980,1.0293,-0.0119,-0.0050
70.000,1.0293,-0.0119,-0.0050
70.021,1.0293,-0.0119,-0.0050
70.041,1.0293,-0.0119,-0.0050
70.061,1.0293,-0.0119,-0.0050
70.081,1.0293,-0.0119,-0.0050
70.100,1.0293,-0.0119,-0.0050
70.121,1.0293,-0.0119,-0.0050
70.141,1.0293,-0.0119,-0.0050
70.160,1.0293,-0.0119,-0.0050
70.181,1.0293,-0.0119,-0.0050
70.201,1.0293,-0.0119,-0.0050
70.220,1.0293,-0.0119,-0.0050
70.241,1.0293,-0.0119,-0.0050
70.260,1.0293,-0.0119,-0.0050
70.281,1.0293,-0.0119,-0.0050
70.300,1.0293,-0.0119,-0.0050
70.320,1.0293,-0.0119,-0.0050
70.340,1.0293,-0.0119,-0.0050
70.361,1.0293,-0.0119,-0.0050
70.380,1.0293,-0.0119,-0.0050
70.400,1.0293,-0.0119,-0.0050
70.421,1.0293,-0.0119,-0.0050
70.440,1.0293,-0.0119,-0.0050
70.460,1.0293,-0.0119,-0.0050
70.480,1.0293,-0.0119,-0.0050
70.500,1.0293,-0.0119,-0.0050
70.520,1.0293,-0.0119,-0.0050
70.541,1.0293,-0.0119,-0.0050
70.561,1.0293,-0.0119,-0.0050
70.580,1.0293,-0.0119,-0.0050
70.600,1.0293,-0.0119,-0.0050
70.621,1.0293,-0.0119,-0.0050
70.641,1.0293,-0.0119,-0.0050
70.660,1.0293,-0.0119,-0.0050
70.680,1.0293,-0.0119,-0.0050
70.701,1.0293,-0.0119,-0.0050
70.721,1.0293,-0.0119,-0.0050
70.740,1.0293,-0.0119,-0.0050
70.760,1.0293,-0.0119,-0.0050
70.781,1.0293,-0.0119,-0.0050
70.801,1.0293,-0.0119,-0.0050
70.820,1.0293,-0.0119,-0.0050
70.841,1.0293,-0.0119,-0.0050
70.860,1.0293,-0.0119,-0.0050
70.880,1.0293,-0.0119,-0.0050
70.900,1.0293,-0.0119,-0.0050
70.921,1.0293,-0.0119,-0.0050
70.941,1.0293,-0.0119,-0.0050
70.960,1.0293,-0.0119,-0.0050
70.980,1.0293,-0.0119,-0.0050
71.000,1.0293,-0.0119,-0.0050
71.020,1.0293,-0.0119,-0.0050
71.040,1.0293,-0.0119,-0.0050
71.061,1.0293,-0.0119,-0.0050
71.080,1.0293,-0.0119,-0.0050
71.100,1.0293,-0.0119,-0.0050
71.120,1.0293,-0.0119,-0.0050
71.140,1.0293,-0.0119,-0.0050
71.161,1.0293,-0.0119,-0.0050
71.180,1.0293,-0.0119,-0.0050
71.200,1.0293,-0.0119,-0.0050
71.220,1.0293,-0.0119,-0.0050
71.241,1.0293,-0.0119,-0.0050
71.260,1.0293,-0.0119,-0.0050
71.280,1.0293,-0.0119,-0.0050
71.301,1.0293,-0.0119,-0.0050
71.320,1.0293,-0.0119,-0.0050
71.340,1.0293,-0.0119,-0.0050
71.361,1.0293,-0.0119,-0.0050
71.380,1.0293,-0.0119,-0.0050
71.400,1.0293,-0.0119,-0.0050
71.420,1.0293,-0.0119,-0.0050
71.440,1.0293,-0.0119,-0.0050
71.461,1.0293,-0.0119,-0.0050
71.480,1.0293,-0.0119,-0.0050
71.500,1.0293,-0.0119,-0.0050
71.520,1.0293,-0.0119,-0.0050
71.540,1.0293,-0.0119,-0.0050
71.560,1.0293,-0.0119,-0.0050
71.580,1.0293,-0.0119,-0.0050
71.600,1.0293,-0.0119,-0.0050
71.620,1.0293,-0.0119,-0.0050
71.640,1.0293,-0.0119,-0.0050
71.661,1.0293,-0.0119,-0.0050
71.680,1.0293,-0.0119,-0.0050
71.700,1.0293,-0.0119,-0.0050
71.720,1.0293,-0.0119,-0.0050
71.741,1.0293,-0.0119,-0.0050
71.761,1.0293,-0.0119,-0.0050
71.780,1.0293,-0.0119,-0.0050
71.800,1.0293,-0.0119,-0.0050
71.820,1.0293,-0.0119,-0.0050
71.840,1.0293,-0.0119,-0.0050
71.860,1.0293,-0.0119,-0.0050
71.880,1.0293,-0.0119,-0.0050
71.900,1.0293,-0.0119,-0.0050
71.920,1.0293,-0.0119,-0.0050
71.940,1.0293,-0.0119,-0.0050
71.960,1.0293,-0.0119,-0.0050
71.980,1.0293,-0.0119,-0.0050
72.000,1.0293,-0.0119,-0.0050
72.020,1.0293,-0.0119,-0.0050
72.040,1.0293,-0.0119,-0.0050
72.060,1.0293,-0.0119,-0.0050
72.080,1.0293,-0.0119,-0.0050
72.100,1.0293,-0.0119,-0.0050
72.120,1.0293,-0.0119,-0.0050
72.140,1.0293,-0.0119,-0.0050
72.160,1.0293,-0.0119,-0.0050
72.180,1.0293,-0.0119,-0.0050
72.200,1.0293,-0.0119,-0.0050
72.220,1.0293,-0.0119,-0.0050
72.240,1.0293,-0.0119,-0.0050
